handleId,fieldType,name,description,productImageUrl,collection,sku,ribbon,price,surcharge,visible,discountMode,discountValue,inventory,weight,productOptionName1,productOptionType1,productOptionDescription1,productOptionName2,productOptionType2,productOptionDescription2,productOptionName3,productOptionType3,productOptionDescription3,productOptionName4,productOptionType4,productOptionDescription4,productOptionName5,productOptionType5,productOptionDescription5,productOptionName6,productOptionType6,productOptionDescription6,additionalInfoTitle1,additionalInfoDescription1,additionalInfoTitle2,additionalInfoDescription2,additionalInfoTitle3,additionalInfoDescription3,additionalInfoTitle4,additionalInfoDescription4,additionalInfoTitle5,additionalInfoDescription5,additionalInfoTitle6,additionalInfoDescription6,customTextField1,customTextCharLimit1,customTextMandatory1,customTextField2,customTextCharLimit2,customTextMandatory2
FY24WY19,Product,Adriano Zumbo Brownie Mix Chocolate 600g,,https://cdn1.woolworths.media/content/wowproductimages/medium/741442.jpg,Pantry;Baking,,,7.2,,,,,,,,,,,,,,,,,,,,,,,,,,,,,,,,,,,,,,,,,,
RM46FB89,Product,Aeroplane Chocolate Mousse Mix 65g,,https://cdn1.woolworths.media/content/wowproductimages/medium/661997.jpg,Pantry;Baking,,,2.7,,,,,,,,,,,,,,,,,,,,,,,,,,,,,,,,,,,,,,,,,,
ID53UN88,Product,Aeroplane Dessert Mix Chocolate 100g,,https://cdn1.woolworths.media/content/wowproductimages/medium/583766.jpg,Pantry;Baking,,,2.28,,,,,,,,,,,,,,,,,,,,,,,,,,,,,,,,,,,,,,,,,,
BG53OE83,Product,Aeroplane Dessert Mix Vanilla 100g,,https://cdn1.woolworths.media/content/wowproductimages/medium/583774.jpg,Pantry;Baking,,,2.28,,,,,,,,,,,,,,,,,,,,,,,,,,,,,,,,,,,,,,,,,,
QE51ES29,Product,Aeroplane Jelly Berry Blue 85g,,https://cdn1.woolworths.media/content/wowproductimages/medium/006086.jpg,Pantry;Baking,,,1.38,,,,,,,,,,,,,,,,,,,,,,,,,,,,,,,,,,,,,,,,,,
GF78AV48,Product,Aeroplane Jelly Lite Cranberry & Raspberry 2x9g,,https://cdn1.woolworths.media/content/wowproductimages/medium/348800.jpg,Pantry;Baking,,,2.28,,,,,,,,,,,,,,,,,,,,,,,,,,,,,,,,,,,,,,,,,,
JF47UL57,Product,Aeroplane Jelly Lite Lime 2x9g,,https://cdn1.woolworths.media/content/wowproductimages/medium/005669.jpg,Pantry;Baking,,,2.28,,,,,,,,,,,,,,,,,,,,,,,,,,,,,,,,,,,,,,,,,,
RZ53VU12,Product,Aeroplane Jelly Lite Mango Passionfruit 2x9g,,https://cdn1.woolworths.media/content/wowproductimages/medium/348802.jpg,Pantry;Baking,,,2.28,,,,,,,,,,,,,,,,,,,,,,,,,,,,,,,,,,,,,,,,,,
HI69TK12,Product,Aeroplane Jelly Lite Orange Mango 2x9g,,https://cdn1.woolworths.media/content/wowproductimages/medium/005678.jpg,Pantry;Baking,,,2.28,,,,,,,,,,,,,,,,,,,,,,,,,,,,,,,,,,,,,,,,,,
NB99WQ50,Product,Aeroplane Jelly Lite Pineapple 2x9g,,https://cdn1.woolworths.media/content/wowproductimages/medium/172715.jpg,Pantry;Baking,,,2.28,,,,,,,,,,,,,,,,,,,,,,,,,,,,,,,,,,,,,,,,,,
WC31HW67,Product,Aeroplane Jelly Lite Port Wine 2x9g,,https://cdn1.woolworths.media/content/wowproductimages/medium/105926.jpg,Pantry;Baking,,,2.28,,,,,,,,,,,,,,,,,,,,,,,,,,,,,,,,,,,,,,,,,,
ZX51VL65,Product,Aeroplane Jelly Lite Raspberry 2x9g,,https://cdn1.woolworths.media/content/wowproductimages/medium/036721.jpg,Pantry;Baking,,,2.28,,,,,,,,,,,,,,,,,,,,,,,,,,,,,,,,,,,,,,,,,,
DH74SZ97,Product,Aeroplane Jelly Lite Strawberry 2x9g,,https://cdn1.woolworths.media/content/wowproductimages/medium/005665.jpg,Pantry;Baking,,,2.28,,,,,,,,,,,,,,,,,,,,,,,,,,,,,,,,,,,,,,,,,,
JD32MM37,Product,Aeroplane Jelly Lite Twin Lemon 2x9g,,https://cdn1.woolworths.media/content/wowproductimages/medium/754480.jpg,Pantry;Baking,,,2.28,,,,,,,,,,,,,,,,,,,,,,,,,,,,,,,,,,,,,,,,,,
ZY94YX46,Product,Aeroplane Jelly Lite Vanilla Berry 2x9g,,https://cdn1.woolworths.media/content/wowproductimages/medium/380903.jpg,Pantry;Baking,,,2.28,,,,,,,,,,,,,,,,,,,,,,,,,,,,,,,,,,,,,,,,,,
TB18BZ39,Product,Aeroplane Jelly Naturals Blackcurrant 85g,,https://cdn1.woolworths.media/content/wowproductimages/medium/754525.jpg,Pantry;Baking,,,1.5,,,,,,,,,,,,,,,,,,,,,,,,,,,,,,,,,,,,,,,,,,
CE45OP71,Product,Aeroplane Jelly Orange Mango 85g,,https://cdn1.woolworths.media/content/wowproductimages/medium/754526.jpg,Pantry;Baking,,,1.5,,,,,,,,,,,,,,,,,,,,,,,,,,,,,,,,,,,,,,,,,,
JR54KV19,Product,Aeroplane Jelly Original Lemon 85g,,https://cdn1.woolworths.media/content/wowproductimages/medium/310378.jpg,Pantry;Baking,,,1.38,,,,,,,,,,,,,,,,,,,,,,,,,,,,,,,,,,,,,,,,,,
QL26JS68,Product,Aeroplane Jelly Original Lime 85g,,https://cdn1.woolworths.media/content/wowproductimages/medium/006092.jpg,Pantry;Baking,,,1.38,,,,,,,,,,,,,,,,,,,,,,,,,,,,,,,,,,,,,,,,,,
OB40BJ14,Product,Aeroplane Jelly Original Mango 85g,,https://cdn1.woolworths.media/content/wowproductimages/medium/059407.jpg,Pantry;Baking,,,1.38,,,,,,,,,,,,,,,,,,,,,,,,,,,,,,,,,,,,,,,,,,
VF30EC12,Product,Aeroplane Jelly Original Orange 85g,,https://cdn1.woolworths.media/content/wowproductimages/medium/006081.jpg,Pantry;Baking,,,1.38,,,,,,,,,,,,,,,,,,,,,,,,,,,,,,,,,,,,,,,,,,
VM37RI41,Product,Aeroplane Jelly Original Port Wine 85g,,https://cdn1.woolworths.media/content/wowproductimages/medium/006082.jpg,Pantry;Baking,,,1.38,,,,,,,,,,,,,,,,,,,,,,,,,,,,,,,,,,,,,,,,,,
BL36HS37,Product,Aeroplane Jelly Original Raspberry 85g,,https://cdn1.woolworths.media/content/wowproductimages/medium/006094.jpg,Pantry;Baking,,,1.38,,,,,,,,,,,,,,,,,,,,,,,,,,,,,,,,,,,,,,,,,,
RV74YD31,Product,Aeroplane Jelly Original Strawberry 85g,,https://cdn1.woolworths.media/content/wowproductimages/medium/006089.jpg,Pantry;Baking,,,1.38,,,,,,,,,,,,,,,,,,,,,,,,,,,,,,,,,,,,,,,,,,
IY22GT30,Product,Aeroplane Jelly Purple Grape 85g,,https://cdn1.woolworths.media/content/wowproductimages/medium/327942.jpg,Pantry;Baking,,,1.38,,,,,,,,,,,,,,,,,,,,,,,,,,,,,,,,,,,,,,,,,,
BT52KR32,Product,Aeroplane Jelly Reduced Sugar Lime 85g,,https://cdn1.woolworths.media/content/wowproductimages/medium/350110.jpg,Pantry;Baking,,,1.5,,,,,,,,,,,,,,,,,,,,,,,,,,,,,,,,,,,,,,,,,,
HQ85KQ55,Product,Aeroplane Jelly Reduced Sugar Raspberry 85g,,https://cdn1.woolworths.media/content/wowproductimages/medium/310375.jpg,Pantry;Baking,,,1.5,,,,,,,,,,,,,,,,,,,,,,,,,,,,,,,,,,,,,,,,,,
AL36YV54,Product,Aeroplane Jelly Reduced Sugar Strawberry 85g,,https://cdn1.woolworths.media/content/wowproductimages/medium/310379.jpg,Pantry;Baking,,,1.5,,,,,,,,,,,,,,,,,,,,,,,,,,,,,,,,,,,,,,,,,,
WM90FU49,Product,Anchor Lion Pastry Mix 750g,,https://cdn1.woolworths.media/content/wowproductimages/medium/205692.jpg,Pantry;Baking,,,4.2,,,,,,,,,,,,,,,,,,,,,,,,,,,,,,,,,,,,,,,,,,
FY88BZ68,Product,Angas Park Apricot Diced 200g,,https://cdn1.woolworths.media/content/wowproductimages/medium/076083.jpg,Pantry;Baking,,,6.6,,,,,,,,,,,,,,,,,,,,,,,,,,,,,,,,,,,,,,,,,,
TS73CM79,Product,Angas Park Apricot Dried 500g,,https://cdn1.woolworths.media/content/wowproductimages/medium/019598.jpg,Pantry;Baking,,,16.2,,,,,,,,,,,,,,,,,,,,,,,,,,,,,,,,,,,,,,,,,,
EN85IS72,Product,Angas Park Apricot Large Dried 200g,,https://cdn1.woolworths.media/content/wowproductimages/medium/047780.jpg,Pantry;Baking,,,9.24,,,,,,,,,,,,,,,,,,,,,,,,,,,,,,,,,,,,,,,,,,
ML91BI48,Product,Angas Park Apricot Soft & Juicy Snack Pack 8x25g,,https://cdn1.woolworths.media/content/wowproductimages/medium/247348.jpg,Pantry;Baking,,,9,,,,,,,,,,,,,,,,,,,,,,,,,,,,,,,,,,,,,,,,,,
QP52EV10,Product,Angas Park Figs Soft N Juicy 250g,,https://cdn1.woolworths.media/content/wowproductimages/medium/229894.jpg,Pantry;Baking,,,5.4,,,,,,,,,,,,,,,,,,,,,,,,,,,,,,,,,,,,,,,,,,
LV72QD46,Product,Angas Park Fruit Mix Medley 375g,,https://cdn1.woolworths.media/content/wowproductimages/medium/055432.jpg,Pantry;Baking,,,9.6,,,,,,,,,,,,,,,,,,,,,,,,,,,,,,,,,,,,,,,,,,
AS19LL22,Product,Angas Park Fruit Mix Salad 500g,,https://cdn1.woolworths.media/content/wowproductimages/medium/057242.jpg,Pantry;Baking,,,11.52,,,,,,,,,,,,,,,,,,,,,,,,,,,,,,,,,,,,,,,,,,
RS10MH65,Product,Angas Park Fruit Mixed Peel Oranges & Lemons 200g,,https://cdn1.woolworths.media/content/wowproductimages/medium/027649.jpg,Pantry;Baking,,,3.72,,,,,,,,,,,,,,,,,,,,,,,,,,,,,,,,,,,,,,,,,,
GW75EB65,Product,Angas Park Mediterranean Apricot Soft & Juicy 225g,,https://cdn1.woolworths.media/content/wowproductimages/medium/205662.jpg,Pantry;Baking,,,9.84,,,,,,,,,,,,,,,,,,,,,,,,,,,,,,,,,,,,,,,,,,
WI25YY38,Product,Angas Park Medjool Dates 200g,,https://cdn1.woolworths.media/content/wowproductimages/medium/466088.jpg,Pantry;Baking,,,8.39,,,,,,,,,,,,,,,,,,,,,,,,,,,,,,,,,,,,,,,,,,
JM77TC66,Product,Angas Park Peaches Dried 200g,,https://cdn1.woolworths.media/content/wowproductimages/medium/038181.jpg,Pantry;Baking,,,6.6,,,,,,,,,,,,,,,,,,,,,,,,,,,,,,,,,,,,,,,,,,
UO69SG11,Product,Angas Park Prunes Large 1kg,,https://cdn1.woolworths.media/content/wowproductimages/medium/039152.jpg,Pantry;Baking,,,9.9,,,,,,,,,,,,,,,,,,,,,,,,,,,,,,,,,,,,,,,,,,
WB34NE99,Product,Angus Park Cranberries 6pk 180g,,https://cdn1.woolworths.media/content/wowproductimages/medium/841633.jpg,Pantry;Baking,,,6,,,,,,,,,,,,,,,,,,,,,,,,,,,,,,,,,,,,,,,,,,
NB13DI95,Product,Angus Park Cranberries Raisins & Blueberrys 6pk 180g,,https://cdn1.woolworths.media/content/wowproductimages/medium/841634.jpg,Pantry;Baking,,,7.2,,,,,,,,,,,,,,,,,,,,,,,,,,,,,,,,,,,,,,,,,,
VI62AX64,Product,Apricots Loose per 100g,,https://cdn1.woolworths.media/content/wowproductimages/medium/767074.jpg,Pantry;Baking,,,3.36,,,,,,,,,,,,,,,,,,,,,,,,,,,,,,,,,,,,,,,,,,
KR24PT78,Product,Berry Fruit Mix Loose per 100g,,https://cdn1.woolworths.media/content/wowproductimages/medium/767410.jpg,Pantry;Baking,,,2.71,,,,,,,,,,,,,,,,,,,,,,,,,,,,,,,,,,,,,,,,,,
KW74ZX50,Product,Betty Crocker Apple & Cinnamon 97% Fat Free Muffin Mix 500g,,https://cdn1.woolworths.media/content/wowproductimages/medium/187786.jpg,Pantry;Baking,,,6.24,,,,,,,,,,,,,,,,,,,,,,,,,,,,,,,,,,,,,,,,,,
PI39LW14,Product,Betty Crocker Blueberry Low Fat Muffin Mix 500g,,https://cdn1.woolworths.media/content/wowproductimages/medium/187781.jpg,Pantry;Baking,,,6.24,,,,,,,,,,,,,,,,,,,,,,,,,,,,,,,,,,,,,,,,,,
PI46PQ25,Product,Betty Crocker Brownie Mix Frosted Chocolate 500g,,https://cdn1.woolworths.media/content/wowproductimages/medium/307786.jpg,Pantry;Baking,,,6.24,,,,,,,,,,,,,,,,,,,,,,,,,,,,,,,,,,,,,,,,,,
SA43OG12,Product,Betty Crocker Chocolate Cupcake Mix 450g,,https://cdn1.woolworths.media/content/wowproductimages/medium/760495.jpg,Pantry;Baking,,,6.24,,,,,,,,,,,,,,,,,,,,,,,,,,,,,,,,,,,,,,,,,,
WS60TF17,Product,Betty Crocker Chocolate Frosting 400g,,https://cdn1.woolworths.media/content/wowproductimages/medium/680956.jpg,Pantry;Baking,,,4.8,,,,,,,,,,,,,,,,,,,,,,,,,,,,,,,,,,,,,,,,,,
MD60QY33,Product,Betty Crocker Chocolate Fudge Cake Mix 540g,,https://cdn1.woolworths.media/content/wowproductimages/medium/760440.jpg,Pantry;Baking,,,6.24,,,,,,,,,,,,,,,,,,,,,,,,,,,,,,,,,,,,,,,,,,
OW48RL95,Product,Betty Crocker Cinnamon Crumble Muffin Mix 500g,,https://cdn1.woolworths.media/content/wowproductimages/medium/205497.jpg,Pantry;Baking,,,6.24,,,,,,,,,,,,,,,,,,,,,,,,,,,,,,,,,,,,,,,,,,
ZI54GF34,Product,Betty Crocker Creamy Deluxe Chocolate Fudge Frosting 400g,,https://cdn1.woolworths.media/content/wowproductimages/medium/680970.jpg,Pantry;Baking,,,4.8,,,,,,,,,,,,,,,,,,,,,,,,,,,,,,,,,,,,,,,,,,
PY93DM26,Product,Betty Crocker Devil's Food Cake Mix 540g,,https://cdn1.woolworths.media/content/wowproductimages/medium/760459.jpg,Pantry;Baking,,,6.24,,,,,,,,,,,,,,,,,,,,,,,,,,,,,,,,,,,,,,,,,,
PS50DD57,Product,Betty Crocker Gluten Free Chocolate Fudge Brownie Mix 450g,,https://cdn1.woolworths.media/content/wowproductimages/medium/793245.jpg,Pantry;Baking,,,7.19,,,,,,,,,,,,,,,,,,,,,,,,,,,,,,,,,,,,,,,,,,
IQ77OK72,Product,Betty Crocker Gluten Free Devils Food Cake Mix 550g,,https://cdn1.woolworths.media/content/wowproductimages/medium/793246.jpg,Pantry;Baking,,,7.19,,,,,,,,,,,,,,,,,,,,,,,,,,,,,,,,,,,,,,,,,,
HZ52OI18,Product,Betty Crocker Gluten Free Vanilla Cupcake Mix 460g,,https://cdn1.woolworths.media/content/wowproductimages/medium/474367.jpg,Pantry;Baking,,,7.19,,,,,,,,,,,,,,,,,,,,,,,,,,,,,,,,,,,,,,,,,,
XT53RN55,Product,Betty Crocker Lemon Coconut Cake Mix 540g,,https://cdn1.woolworths.media/content/wowproductimages/medium/575094.jpg,Pantry;Baking,,,6.24,,,,,,,,,,,,,,,,,,,,,,,,,,,,,,,,,,,,,,,,,,
GH20UU30,Product,Betty Crocker Limited Edition Salted Caramel Cookie Mix 400g,,https://cdn1.woolworths.media/content/wowproductimages/medium/661671.jpg,Pantry;Baking,,,6.24,,,,,,,,,,,,,,,,,,,,,,,,,,,,,,,,,,,,,,,,,,
WQ82SW73,Product,Betty Crocker Milk Chocolate Chunk Cookie Mix 485g,,https://cdn1.woolworths.media/content/wowproductimages/medium/187797.jpg,Pantry;Baking,,,6.24,,,,,,,,,,,,,,,,,,,,,,,,,,,,,,,,,,,,,,,,,,
GT71WM89,Product,Betty Crocker Mug Treats Belgian Chocolate Cake 80g x2 pack,,https://cdn1.woolworths.media/content/wowproductimages/medium/864818.jpg,Pantry;Baking,,,4.8,,,,,,,,,,,,,,,,,,,,,,,,,,,,,,,,,,,,,,,,,,
HE26JE92,Product,Betty Crocker Mug Treats Hot Fudge Brownie 80g x2 pack,,https://cdn1.woolworths.media/content/wowproductimages/medium/864819.jpg,Pantry;Baking,,,4.8,,,,,,,,,,,,,,,,,,,,,,,,,,,,,,,,,,,,,,,,,,
BP96MU79,Product,Betty Crocker Rainbow Chip With M&m Cookie Mix 495g,,https://cdn1.woolworths.media/content/wowproductimages/medium/314544.jpg,Pantry;Baking,,,6.24,,,,,,,,,,,,,,,,,,,,,,,,,,,,,,,,,,,,,,,,,,
PP76OM78,Product,Betty Crocker Strawberries & Cream Cake Mix 540g,,https://cdn1.woolworths.media/content/wowproductimages/medium/760486.jpg,Pantry;Baking,,,6.24,,,,,,,,,,,,,,,,,,,,,,,,,,,,,,,,,,,,,,,,,,
MA37HL73,Product,Betty Crocker Strawberry Frosting 400g,,https://cdn1.woolworths.media/content/wowproductimages/medium/680973.jpg,Pantry;Baking,,,4.8,,,,,,,,,,,,,,,,,,,,,,,,,,,,,,,,,,,,,,,,,,
PJ69FH47,Product,Betty Crocker Supreme Lemon Slice Mix 510g,,https://cdn1.woolworths.media/content/wowproductimages/medium/661670.jpg,Pantry;Baking,,,6.24,,,,,,,,,,,,,,,,,,,,,,,,,,,,,,,,,,,,,,,,,,
EV54FS78,Product,Betty Crocker Triple Chocolate Fudge Brownie Mix 500g,,https://cdn1.woolworths.media/content/wowproductimages/medium/225676.jpg,Pantry;Baking,,,6.24,,,,,,,,,,,,,,,,,,,,,,,,,,,,,,,,,,,,,,,,,,
QS82AC83,Product,Betty Crocker Triple Chocolate Muffin Mix 500g,,https://cdn1.woolworths.media/content/wowproductimages/medium/187790.jpg,Pantry;Baking,,,6.24,,,,,,,,,,,,,,,,,,,,,,,,,,,,,,,,,,,,,,,,,,
JV69KF71,Product,Betty Crocker Vanilla Cake Mix 540g,,https://cdn1.woolworths.media/content/wowproductimages/medium/760464.jpg,Pantry;Baking,,,6.24,,,,,,,,,,,,,,,,,,,,,,,,,,,,,,,,,,,,,,,,,,
KP48EQ45,Product,Betty Crocker Vanilla Cupcake Mix 450g,,https://cdn1.woolworths.media/content/wowproductimages/medium/760480.jpg,Pantry;Baking,,,6.24,,,,,,,,,,,,,,,,,,,,,,,,,,,,,,,,,,,,,,,,,,
GP24CE43,Product,Betty Crocker Vanilla Frosting 400g,,https://cdn1.woolworths.media/content/wowproductimages/medium/680971.jpg,Pantry;Baking,,,4.8,,,,,,,,,,,,,,,,,,,,,,,,,,,,,,,,,,,,,,,,,,
SR72DO33,Product,Betty Crocker White Chocolate Fudge Brownie Mix 500g,,https://cdn1.woolworths.media/content/wowproductimages/medium/785119.jpg,Pantry;Baking,,,6.24,,,,,,,,,,,,,,,,,,,,,,,,,,,,,,,,,,,,,,,,,,
GL42PS84,Product,Buderim Ginger Crystallised 250g,,https://cdn1.woolworths.media/content/wowproductimages/medium/007620.jpg,Pantry;Baking,,,6.3,,,,,,,,,,,,,,,,,,,,,,,,,,,,,,,,,,,,,,,,,,
KX80NU71,Product,Buderim Ginger Glace 125g,,https://cdn1.woolworths.media/content/wowproductimages/medium/164508.jpg,Pantry;Baking,,,5.16,,,,,,,,,,,,,,,,,,,,,,,,,,,,,,,,,,,,,,,,,,
LB69FC93,Product,Buderim Ginger Naked 200g,,https://cdn1.woolworths.media/content/wowproductimages/medium/237825.jpg,Pantry;Baking,,,5.22,,,,,,,,,,,,,,,,,,,,,,,,,,,,,,,,,,,,,,,,,,
AE48XE43,Product,Cadbury Baking Chocolate Chips White 200g,,https://cdn1.woolworths.media/content/wowproductimages/medium/490219.jpg,Pantry;Baking,,,5.1,,,,,,,,,,,,,,,,,,,,,,,,,,,,,,,,,,,,,,,,,,
SL39EL95,Product,Cadbury Baking Dark Chocolate 70% Cacao 180g,,https://cdn1.woolworths.media/content/wowproductimages/medium/813878.jpg,Pantry;Baking,,,4.86,,,,,,,,,,,,,,,,,,,,,,,,,,,,,,,,,,,,,,,,,,
BX99QZ42,Product,Cadbury Baking Dark Chocolate Block 180g,,https://cdn1.woolworths.media/content/wowproductimages/medium/813868.jpg,Pantry;Baking,,,4.86,,,,,,,,,,,,,,,,,,,,,,,,,,,,,,,,,,,,,,,,,,
MO80TB76,Product,Cadbury Baking Dark Chocolate Chips 200g,,https://cdn1.woolworths.media/content/wowproductimages/medium/828994.jpg,Pantry;Baking,,,5.1,,,,,,,,,,,,,,,,,,,,,,,,,,,,,,,,,,,,,,,,,,
XN43VA62,Product,Cadbury Baking Dark Chocolate Melts 225g,,https://cdn1.woolworths.media/content/wowproductimages/medium/829009.jpg,Pantry;Baking,,,5.1,,,,,,,,,,,,,,,,,,,,,,,,,,,,,,,,,,,,,,,,,,
OS21BH49,Product,Cadbury Baking Milk Chocolate Block 180g,,https://cdn1.woolworths.media/content/wowproductimages/medium/813865.jpg,Pantry;Baking,,,4.86,,,,,,,,,,,,,,,,,,,,,,,,,,,,,,,,,,,,,,,,,,
GX23TH96,Product,Cadbury Baking Milk Chocolate Chips 200g,,https://cdn1.woolworths.media/content/wowproductimages/medium/829004.jpg,Pantry;Baking,,,5.1,,,,,,,,,,,,,,,,,,,,,,,,,,,,,,,,,,,,,,,,,,
CS90DB39,Product,Cadbury Baking Milk Chocolate Melts 225g,,https://cdn1.woolworths.media/content/wowproductimages/medium/829005.jpg,Pantry;Baking,,,5.1,,,,,,,,,,,,,,,,,,,,,,,,,,,,,,,,,,,,,,,,,,
LF80OD14,Product,Cadbury Baking White Chocolate 180g,,https://cdn1.woolworths.media/content/wowproductimages/medium/813880.jpg,Pantry;Baking,,,4.86,,,,,,,,,,,,,,,,,,,,,,,,,,,,,,,,,,,,,,,,,,
HM46EI65,Product,Cadbury Baking White Chocolate Melts 225g,,https://cdn1.woolworths.media/content/wowproductimages/medium/829006.jpg,Pantry;Baking,,,5.1,,,,,,,,,,,,,,,,,,,,,,,,,,,,,,,,,,,,,,,,,,
QX35WP85,Product,Cadbury Bournville Cocoa 250g,,https://cdn1.woolworths.media/content/wowproductimages/medium/267413.jpg,Pantry;Baking,,,5.88,,,,,,,,,,,,,,,,,,,,,,,,,,,,,,,,,,,,,,,,,,
KD14QT50,Product,Cottee's Instant Pudding Vanilla 100g,,https://cdn1.woolworths.media/content/wowproductimages/medium/137364.jpg,Pantry;Baking,,,1.74,,,,,,,,,,,,,,,,,,,,,,,,,,,,,,,,,,,,,,,,,,
UE23NP58,Product,Creative Kitchen Fondant Multipack Fondant Multipack 500g,,https://cdn1.woolworths.media/content/wowproductimages/medium/785164.jpg,Pantry;Baking,,,9.6,,,,,,,,,,,,,,,,,,,,,,,,,,,,,,,,,,,,,,,,,,
SG26GU26,Product,Creative Kitchen Gold Delight 4 Compartment Jar,,https://cdn1.woolworths.media/content/wowproductimages/medium/828689.jpg,Pantry;Baking,,,7.2,,,,,,,,,,,,,,,,,,,,,,,,,,,,,,,,,,,,,,,,,,
SG41EF33,Product,Creative Kitchen Marzipan 250g,,https://cdn1.woolworths.media/content/wowproductimages/medium/490830.jpg,Pantry;Baking,,,6,,,,,,,,,,,,,,,,,,,,,,,,,,,,,,,,,,,,,,,,,,
QL12RC21,Product,Creative Kitchen Mini Flowers Cake Decorations 48 pack,,https://cdn1.woolworths.media/content/wowproductimages/medium/828736.jpg,Pantry;Baking,,,4.2,,,,,,,,,,,,,,,,,,,,,,,,,,,,,,,,,,,,,,,,,,
PI99ZP42,Product,Creative Kitchen Mini Lady Birds Cake Decorations 32pk,,https://cdn1.woolworths.media/content/wowproductimages/medium/828676.jpg,Pantry;Baking,,,4.2,,,,,,,,,,,,,,,,,,,,,,,,,,,,,,,,,,,,,,,,,,
KO41ZL79,Product,Csr All Natural Buttercream Icing Mix Chocolate 250g,,https://cdn1.woolworths.media/content/wowproductimages/medium/699576.jpg,Pantry;Baking,,,3.6,,,,,,,,,,,,,,,,,,,,,,,,,,,,,,,,,,,,,,,,,,
NF76KF73,Product,Csr All Natural Buttercream Icing Mix Strawberry Flavour 250g,,https://cdn1.woolworths.media/content/wowproductimages/medium/699578.jpg,Pantry;Baking,,,4.2,,,,,,,,,,,,,,,,,,,,,,,,,,,,,,,,,,,,,,,,,,
SR88HD59,Product,Csr All Natural Buttercream Icing Mix Vanilla 250g,,https://cdn1.woolworths.media/content/wowproductimages/medium/699577.jpg,Pantry;Baking,,,4.2,,,,,,,,,,,,,,,,,,,,,,,,,,,,,,,,,,,,,,,,,,
PO64CL13,Product,Csr Brown Sugar Coffee Crystals 500g,,https://cdn1.woolworths.media/content/wowproductimages/medium/033155.jpg,Pantry;Baking,,,4.14,,,,,,,,,,,,,,,,,,,,,,,,,,,,,,,,,,,,,,,,,,
PY82JT98,Product,Csr Brown Sugar Dark 1kg,,https://cdn1.woolworths.media/content/wowproductimages/medium/037736.jpg,Pantry;Baking,,,4.8,,,,,,,,,,,,,,,,,,,,,,,,,,,,,,,,,,,,,,,,,,
AI10SP97,Product,Csr Caster Sugar Raw 750g,,https://cdn1.woolworths.media/content/wowproductimages/medium/364085.jpg,Pantry;Baking,,,3.96,,,,,,,,,,,,,,,,,,,,,,,,,,,,,,,,,,,,,,,,,,
KS29HS76,Product,Csr Dark Muscovado Sugar 250g,,https://cdn1.woolworths.media/content/wowproductimages/medium/659256.jpg,Pantry;Baking,,,4.8,,,,,,,,,,,,,,,,,,,,,,,,,,,,,,,,,,,,,,,,,,
XP54NB76,Product,Csr Demerara Sugar 375g,,https://cdn1.woolworths.media/content/wowproductimages/medium/086973.jpg,Pantry;Baking,,,3.6,,,,,,,,,,,,,,,,,,,,,,,,,,,,,,,,,,,,,,,,,,
GV18HN42,Product,Csr Golden Syrup 850g,,https://cdn1.woolworths.media/content/wowproductimages/medium/098328.jpg,Pantry;Baking,,,7.2,,,,,,,,,,,,,,,,,,,,,,,,,,,,,,,,,,,,,,,,,,
UE76VJ28,Product,Csr Golden Syrup Squeeze 500g,,https://cdn1.woolworths.media/content/wowproductimages/medium/092491.jpg,Pantry;Baking,,,5.4,,,,,,,,,,,,,,,,,,,,,,,,,,,,,,,,,,,,,,,,,,
DF67MG82,Product,Csr Icing Sugar Pure 500g,,https://cdn1.woolworths.media/content/wowproductimages/medium/071487.jpg,Pantry;Baking,,,2.22,,,,,,,,,,,,,,,,,,,,,,,,,,,,,,,,,,,,,,,,,,
MY60TL53,Product,Csr Lite Reduced Calorie Sugar 500g,,https://cdn1.woolworths.media/content/wowproductimages/medium/699579.jpg,Pantry;Baking,,,5.4,,,,,,,,,,,,,,,,,,,,,,,,,,,,,,,,,,,,,,,,,,
SV86HI97,Product,Csr Original Treacle 850g,,https://cdn1.woolworths.media/content/wowproductimages/medium/093700.jpg,Pantry;Baking,,,6.6,,,,,,,,,,,,,,,,,,,,,,,,,,,,,,,,,,,,,,,,,,
GU70KO48,Product,Csr Raw Sugar Low Gi Cane 750g,,https://cdn1.woolworths.media/content/wowproductimages/medium/322473.jpg,Pantry;Baking,,,3.96,,,,,,,,,,,,,,,,,,,,,,,,,,,,,,,,,,,,,,,,,,
UR86FI39,Product,Csr Raw Sugar Sticks 50pk 150g,,https://cdn1.woolworths.media/content/wowproductimages/medium/498331.jpg,Pantry;Baking,,,3.42,,,,,,,,,,,,,,,,,,,,,,,,,,,,,,,,,,,,,,,,,,
FD88JD42,Product,Csr Smart White Sugar Blend 500g,,https://cdn1.woolworths.media/content/wowproductimages/medium/322478.jpg,Pantry;Baking,,,3.6,,,,,,,,,,,,,,,,,,,,,,,,,,,,,,,,,,,,,,,,,,
QL84RY43,Product,Csr Specialty Sugar Jam Setting 500g,,https://cdn1.woolworths.media/content/wowproductimages/medium/720458.jpg,Pantry;Baking,,,3.18,,,,,,,,,,,,,,,,,,,,,,,,,,,,,,,,,,,,,,,,,,
BN97YI95,Product,Csr Unrefined Coconut Sugar 250g,,https://cdn1.woolworths.media/content/wowproductimages/medium/659255.jpg,Pantry;Baking,,,4.8,,,,,,,,,,,,,,,,,,,,,,,,,,,,,,,,,,,,,,,,,,
TB50SC78,Product,Csr Unrefined Rapadura Sugar 250g,,https://cdn1.woolworths.media/content/wowproductimages/medium/659238.jpg,Pantry;Baking,,,4.8,,,,,,,,,,,,,,,,,,,,,,,,,,,,,,,,,,,,,,,,,,
JZ68LO81,Product,Csr White Sugar Cubes 450g,,https://cdn1.woolworths.media/content/wowproductimages/medium/112080.jpg,Pantry;Baking,,,5.4,,,,,,,,,,,,,,,,,,,,,,,,,,,,,,,,,,,,,,,,,,
EQ89UW26,Product,Csr White Sugar Sticks 50pk 150g,,https://cdn1.woolworths.media/content/wowproductimages/medium/335935.jpg,Pantry;Baking,,,3.3,,,,,,,,,,,,,,,,,,,,,,,,,,,,,,,,,,,,,,,,,,
IK33ZG34,Product,Defiance White Baker's Flour 5kg,,https://cdn1.woolworths.media/content/wowproductimages/medium/091304.jpg,Pantry;Baking,,,12,,,,,,,,,,,,,,,,,,,,,,,,,,,,,,,,,,,,,,,,,,
LK61CR59,Product,Dollar Sweets 10 Inch Round Cake Board 2 pack,,https://cdn1.woolworths.media/content/wowproductimages/medium/804124.jpg,Pantry;Baking,,,3.6,,,,,,,,,,,,,,,,,,,,,,,,,,,,,,,,,,,,,,,,,,
YV22LX63,Product,Dollar Sweets 100s & 1000s Jar 155g,,https://cdn1.woolworths.media/content/wowproductimages/medium/491614.jpg,Pantry;Baking,,,4.2,,,,,,,,,,,,,,,,,,,,,,,,,,,,,,,,,,,,,,,,,,
QP42OZ96,Product,Dollar Sweets Bright Sprinkles Jar 90g,,https://cdn1.woolworths.media/content/wowproductimages/medium/491609.jpg,Pantry;Baking,,,4.2,,,,,,,,,,,,,,,,,,,,,,,,,,,,,,,,,,,,,,,,,,
KU98SI16,Product,Dollar Sweets Cake Decoration Fairy Toppings 145g,,https://cdn1.woolworths.media/content/wowproductimages/medium/773763.jpg,Pantry;Baking,,,7.2,,,,,,,,,,,,,,,,,,,,,,,,,,,,,,,,,,,,,,,,,,
TK55HK61,Product,Dollar Sweets Candy Eyeball Decor 25g,,https://cdn1.woolworths.media/content/wowproductimages/medium/847890.jpg,Pantry;Baking,,,3.6,,,,,,,,,,,,,,,,,,,,,,,,,,,,,,,,,,,,,,,,,,
FU74DT33,Product,Dollar Sweets Choclettes Sprinkles Jar 115g,,https://cdn1.woolworths.media/content/wowproductimages/medium/491620.jpg,Pantry;Baking,,,4.2,,,,,,,,,,,,,,,,,,,,,,,,,,,,,,,,,,,,,,,,,,
KH95LD36,Product,Dollar Sweets Chocolate Minis Jar 135g,,https://cdn1.woolworths.media/content/wowproductimages/medium/491621.jpg,Pantry;Baking,,,6,,,,,,,,,,,,,,,,,,,,,,,,,,,,,,,,,,,,,,,,,,
RN16KF91,Product,Dollar Sweets Decoration Rainbow Poppng Topping 150g,,https://cdn1.woolworths.media/content/wowproductimages/medium/773744.jpg,Pantry;Baking,,,3.6,,,,,,,,,,,,,,,,,,,,,,,,,,,,,,,,,,,,,,,,,,
CC69TQ63,Product,Dollar Sweets Edible Glue 18g,,https://cdn1.woolworths.media/content/wowproductimages/medium/573988.jpg,Pantry;Baking,,,6,,,,,,,,,,,,,,,,,,,,,,,,,,,,,,,,,,,,,,,,,,
OT49DO75,Product,Dollar Sweets Hip Hip Hooray Party Cupcake Kit 24 pack,,https://cdn1.woolworths.media/content/wowproductimages/medium/852133.jpg,Pantry;Baking,,,4.2,,,,,,,,,,,,,,,,,,,,,,,,,,,,,,,,,,,,,,,,,,
VN57ST33,Product,Dollar Sweets Icing Decorations Unicorn & Rainbow 12 pack,,https://cdn1.woolworths.media/content/wowproductimages/medium/804132.jpg,Pantry;Baking,,,4.2,,,,,,,,,,,,,,,,,,,,,,,,,,,,,,,,,,,,,,,,,,
SC69BR29,Product,Dollar Sweets Jurassic Bitz 125g,,https://cdn1.woolworths.media/content/wowproductimages/medium/491631.jpg,Pantry;Baking,,,4.2,,,,,,,,,,,,,,,,,,,,,,,,,,,,,,,,,,,,,,,,,,
LK38ST46,Product,Dollar Sweets Lollipop Cake Toppers 6 pack,,https://cdn1.woolworths.media/content/wowproductimages/medium/682286.jpg,Pantry;Baking,,,4.2,,,,,,,,,,,,,,,,,,,,,,,,,,,,,,,,,,,,,,,,,,
KK23TN19,Product,Dollar Sweets Magic Star Tops 115g,,https://cdn1.woolworths.media/content/wowproductimages/medium/491627.jpg,Pantry;Baking,,,4.2,,,,,,,,,,,,,,,,,,,,,,,,,,,,,,,,,,,,,,,,,,
AL44DO90,Product,Dollar Sweets Patty Pans Large Coloured 100 pack,,https://cdn1.woolworths.media/content/wowproductimages/medium/850486.jpg,Pantry;Baking,,,3.6,,,,,,,,,,,,,,,,,,,,,,,,,,,,,,,,,,,,,,,,,,
XL31WZ71,Product,Dollar Sweets Patty Pans Large Polka Dot 100 pack,,https://cdn1.woolworths.media/content/wowproductimages/medium/850487.jpg,Pantry;Baking,,,3.6,,,,,,,,,,,,,,,,,,,,,,,,,,,,,,,,,,,,,,,,,,
VC14CV77,Product,Dollar Sweets Patty Pans Large Striped 100 pack,,https://cdn1.woolworths.media/content/wowproductimages/medium/850488.jpg,Pantry;Baking,,,3.6,,,,,,,,,,,,,,,,,,,,,,,,,,,,,,,,,,,,,,,,,,
EC31IT28,Product,Dollar Sweets Patty Pans Mini Coloured 100 pack,,https://cdn1.woolworths.media/content/wowproductimages/medium/850541.jpg,Pantry;Baking,,,3,,,,,,,,,,,,,,,,,,,,,,,,,,,,,,,,,,,,,,,,,,
LC73JI87,Product,Dollar Sweets Patty Pans Mini Polka Dot 100 pack,,https://cdn1.woolworths.media/content/wowproductimages/medium/850540.jpg,Pantry;Baking,,,3,,,,,,,,,,,,,,,,,,,,,,,,,,,,,,,,,,,,,,,,,,
DN86WA27,Product,Dollar Sweets Patty Pans Silver Foil Large 100 pack,,https://cdn1.woolworths.media/content/wowproductimages/medium/850512.jpg,Pantry;Baking,,,4.2,,,,,,,,,,,,,,,,,,,,,,,,,,,,,,,,,,,,,,,,,,
BL20FJ50,Product,Dollar Sweets Patty Pans Small Chevron 100 pack,,https://cdn1.woolworths.media/content/wowproductimages/medium/850513.jpg,Pantry;Baking,,,3.6,,,,,,,,,,,,,,,,,,,,,,,,,,,,,,,,,,,,,,,,,,
TA49LM21,Product,Dollar Sweets Silver Cachous 130g,,https://cdn1.woolworths.media/content/wowproductimages/medium/574075.jpg,Pantry;Baking,,,7.2,,,,,,,,,,,,,,,,,,,,,,,,,,,,,,,,,,,,,,,,,,
XE41CU23,Product,Dollar Sweets Sprinkles 100s & 1000s 190g,,https://cdn1.woolworths.media/content/wowproductimages/medium/264091.jpg,Pantry;Baking,,,2.4,,,,,,,,,,,,,,,,,,,,,,,,,,,,,,,,,,,,,,,,,,
YJ87SS43,Product,Dollar Sweets Sprinkles Fives 125g,,https://cdn1.woolworths.media/content/wowproductimages/medium/033364.jpg,Pantry;Baking,,,2.4,,,,,,,,,,,,,,,,,,,,,,,,,,,,,,,,,,,,,,,,,,
WR45XC99,Product,Dollar Sweets Sprinkles Magic 100s & 1000s 350g,,https://cdn1.woolworths.media/content/wowproductimages/medium/307818.jpg,Pantry;Baking,,,5.4,,,,,,,,,,,,,,,,,,,,,,,,,,,,,,,,,,,,,,,,,,
XZ32GT92,Product,Dollar Sweets Sprinkles Pirate Toppings 145g,,https://cdn1.woolworths.media/content/wowproductimages/medium/773761.jpg,Pantry;Baking,,,7.2,,,,,,,,,,,,,,,,,,,,,,,,,,,,,,,,,,,,,,,,,,
NR44RG26,Product,Dollar Sweets Unicorn Sprinkles Jar 105g,,https://cdn1.woolworths.media/content/wowproductimages/medium/847891.jpg,Pantry;Baking,,,7.2,,,,,,,,,,,,,,,,,,,,,,,,,,,,,,,,,,,,,,,,,,
LC30AA74,Product,Dollar Sweets Vegetarian Rainbow Sprinkles 155g,,https://cdn1.woolworths.media/content/wowproductimages/medium/803604.jpg,Pantry;Baking,,,2.4,,,,,,,,,,,,,,,,,,,,,,,,,,,,,,,,,,,,,,,,,,
AE85NK93,Product,Dollar Sweets White Mufin Wrap 36 pack,,https://cdn1.woolworths.media/content/wowproductimages/medium/850511.jpg,Pantry;Baking,,,5.4,,,,,,,,,,,,,,,,,,,,,,,,,,,,,,,,,,,,,,,,,,
YI32JF37,Product,Donna Hay Banana Bread Mix 540g,,https://cdn1.woolworths.media/content/wowproductimages/medium/491188.jpg,Pantry;Baking,,,8.4,,,,,,,,,,,,,,,,,,,,,,,,,,,,,,,,,,,,,,,,,,
BT35ER81,Product,Donna Hay Best-loved Carrot Cake 460g,,https://cdn1.woolworths.media/content/wowproductimages/medium/805225.jpg,Pantry;Baking,,,8.4,,,,,,,,,,,,,,,,,,,,,,,,,,,,,,,,,,,,,,,,,,
OE64HC37,Product,Donna Hay Molten Chocolate Chunk Brownie 660g,,https://cdn1.woolworths.media/content/wowproductimages/medium/766044.jpg,Pantry;Baking,,,8.4,,,,,,,,,,,,,,,,,,,,,,,,,,,,,,,,,,,,,,,,,,
DB35UE65,Product,Donna Hay Spelt Flour Pancakes With Real Vanilla Beans 285g,,https://cdn1.woolworths.media/content/wowproductimages/medium/805226.jpg,Pantry;Baking,,,7.14,,,,,,,,,,,,,,,,,,,,,,,,,,,,,,,,,,,,,,,,,,
VP94MA79,Product,Dr Oetker Buttercream Icing 300g,,https://cdn1.woolworths.media/content/wowproductimages/medium/885370.jpg,Pantry;Baking,,,3.9,,,,,,,,,,,,,,,,,,,,,,,,,,,,,,,,,,,,,,,,,,
DE20XI22,Product,Dr Oetker Designer Icing White 140g,,https://cdn1.woolworths.media/content/wowproductimages/medium/449741.jpg,Pantry;Baking,,,4.8,,,,,,,,,,,,,,,,,,,,,,,,,,,,,,,,,,,,,,,,,,
LC83JT84,Product,Dr Oetker Edible Decorations Giant Chocolate Stars 20g,,https://cdn1.woolworths.media/content/wowproductimages/medium/449941.jpg,Pantry;Baking,,,4.8,,,,,,,,,,,,,,,,,,,,,,,,,,,,,,,,,,,,,,,,,,
IW80MW45,Product,Dr Oetker Edible Decorations Wafer Daisies 2.8g,,https://cdn1.woolworths.media/content/wowproductimages/medium/454143.jpg,Pantry;Baking,,,3.96,,,,,,,,,,,,,,,,,,,,,,,,,,,,,,,,,,,,,,,,,,
TT95KY61,Product,Dr Oetker Gelatine Powder 36g,,https://cdn1.woolworths.media/content/wowproductimages/medium/449918.jpg,Pantry;Baking,,,2.76,,,,,,,,,,,,,,,,,,,,,,,,,,,,,,,,,,,,,,,,,,
FV44ON47,Product,Dr Oetker Ready Rolled Icing White 450g,,https://cdn1.woolworths.media/content/wowproductimages/medium/448630.jpg,Pantry;Baking,,,9.6,,,,,,,,,,,,,,,,,,,,,,,,,,,,,,,,,,,,,,,,,,
OX13HO24,Product,Dr Oetker Ready To Roll Icing White 1kg,,https://cdn1.woolworths.media/content/wowproductimages/medium/450136.jpg,Pantry;Baking,,,9.6,,,,,,,,,,,,,,,,,,,,,,,,,,,,,,,,,,,,,,,,,,
YZ75YP46,Product,Dr Oetker Ready To Roll Icing White 600g,,https://cdn1.woolworths.media/content/wowproductimages/medium/448647.jpg,Pantry;Baking,,,6.36,,,,,,,,,,,,,,,,,,,,,,,,,,,,,,,,,,,,,,,,,,
AE75RB56,Product,Dr. Oetker & Queen Buttercream Icing Cookies & Cream 300g,,https://cdn1.woolworths.media/content/wowproductimages/medium/805724.jpg,Pantry;Baking,,,3.9,,,,,,,,,,,,,,,,,,,,,,,,,,,,,,,,,,,,,,,,,,
ZR27DV21,Product,Dr. Oetker & Queen Designer Icing Black 140g,,https://cdn1.woolworths.media/content/wowproductimages/medium/803516.jpg,Pantry;Baking,,,4.8,,,,,,,,,,,,,,,,,,,,,,,,,,,,,,,,,,,,,,,,,,
BJ76LS88,Product,Dr. Oetker & Queen Icing Decorations Cake Friends 12 pack,,https://cdn1.woolworths.media/content/wowproductimages/medium/805726.jpg,Pantry;Baking,,,4.2,,,,,,,,,,,,,,,,,,,,,,,,,,,,,,,,,,,,,,,,,,
PO74VS29,Product,Dr. Oetker & Queen Ultimate Sprinkles Glamour & Sparkle 115g,,https://cdn1.woolworths.media/content/wowproductimages/medium/803556.jpg,Pantry;Baking,,,4.8,,,,,,,,,,,,,,,,,,,,,,,,,,,,,,,,,,,,,,,,,,
KD91MT74,Product,Dr. Oetker & Queen Ultimate Sprinkles Midnight Magic 110g,,https://cdn1.woolworths.media/content/wowproductimages/medium/803578.jpg,Pantry;Baking,,,4.8,,,,,,,,,,,,,,,,,,,,,,,,,,,,,,,,,,,,,,,,,,
ZE70VR80,Product,Dr. Oetker & Queen Ultimate Sprinkles Unicorn Confetti 110g,,https://cdn1.woolworths.media/content/wowproductimages/medium/803557.jpg,Pantry;Baking,,,4.8,,,,,,,,,,,,,,,,,,,,,,,,,,,,,,,,,,,,,,,,,,
JC43AT25,Product,Dr. Oetker Flower Icing Decorations 48pk 8g,,https://cdn1.woolworths.media/content/wowproductimages/medium/662588.jpg,Pantry;Baking,,,4.2,,,,,,,,,,,,,,,,,,,,,,,,,,,,,,,,,,,,,,,,,,
LC54SR65,Product,Dr. Oetker Party Pal Icing Decorations 12pk 13g,,https://cdn1.woolworths.media/content/wowproductimages/medium/662622.jpg,Pantry;Baking,,,4.2,,,,,,,,,,,,,,,,,,,,,,,,,,,,,,,,,,,,,,,,,,
PR69LN10,Product,Dr. Oetker Rose Icing Decorations 16pk 16g,,https://cdn1.woolworths.media/content/wowproductimages/medium/662589.jpg,Pantry;Baking,,,4.2,,,,,,,,,,,,,,,,,,,,,,,,,,,,,,,,,,,,,,,,,,
KY67OR23,Product,Dr. Oetker Smiley Icing Decorations 12pk 12g,,https://cdn1.woolworths.media/content/wowproductimages/medium/662586.jpg,Pantry;Baking,,,4.2,,,,,,,,,,,,,,,,,,,,,,,,,,,,,,,,,,,,,,,,,,
GN10HB96,Product,Equal Spoonful Sweetener Powder 113g,,https://cdn1.woolworths.media/content/wowproductimages/medium/841568.jpg,Pantry;Baking,,,7.2,,,,,,,,,,,,,,,,,,,,,,,,,,,,,,,,,,,,,,,,,,
ER21KI92,Product,Equal Sweetener Tablets 600 tablets,,https://cdn1.woolworths.media/content/wowproductimages/medium/807039.jpg,Pantry;Baking,,,14.7,,,,,,,,,,,,,,,,,,,,,,,,,,,,,,,,,,,,,,,,,,
SD52WZ20,Product,Fowlers Baking Aids Vacola Jamsetta 50g,,https://cdn1.woolworths.media/content/wowproductimages/medium/030309.jpg,Pantry;Baking,,,2.22,,,,,,,,,,,,,,,,,,,,,,,,,,,,,,,,,,,,,,,,,,
IB80NQ52,Product,Fruit & Nut Mix Loose With Goji Berry per 100g,,https://cdn1.woolworths.media/content/wowproductimages/medium/767398.jpg,Pantry;Baking,,,3.18,,,,,,,,,,,,,,,,,,,,,,,,,,,,,,,,,,,,,,,,,,
WD35XH20,Product,Fruit For Life Coconut Chips 40g,,https://cdn1.woolworths.media/content/wowproductimages/medium/350371.jpg,Pantry;Baking,,,2.64,,,,,,,,,,,,,,,,,,,,,,,,,,,,,,,,,,,,,,,,,,
MX89UJ39,Product,Fruit For Life Goji Berries Goji 150g,,https://cdn1.woolworths.media/content/wowproductimages/medium/313447.jpg,Pantry;Baking,,,8.4,,,,,,,,,,,,,,,,,,,,,,,,,,,,,,,,,,,,,,,,,,
OG37HZ39,Product,Fruit For Life Mango Dried 150g,,https://cdn1.woolworths.media/content/wowproductimages/medium/340056.jpg,Pantry;Baking,,,7.2,,,,,,,,,,,,,,,,,,,,,,,,,,,,,,,,,,,,,,,,,,
QW18AU61,Product,Fruit Salad Tropical Loose per kg 100g,,https://cdn1.woolworths.media/content/wowproductimages/medium/767313.jpg,Pantry;Baking,,,1.74,,,,,,,,,,,,,,,,,,,,,,,,,,,,,,,,,,,,,,,,,,
QO17NL11,Product,Ginger Crystalised Loose per 100g,,https://cdn1.woolworths.media/content/wowproductimages/medium/767247.jpg,Pantry;Baking,,,2.28,,,,,,,,,,,,,,,,,,,,,,,,,,,,,,,,,,,,,,,,,,
CT59KJ89,Product,Green's Cookies & Cream Cupcakes Mix 380g,,https://cdn1.woolworths.media/content/wowproductimages/medium/827339.jpg,Pantry;Baking,,,4.8,,,,,,,,,,,,,,,,,,,,,,,,,,,,,,,,,,,,,,,,,,
YE78DG96,Product,Green's Orange Poppyseed Cake Mix 580g,,https://cdn1.woolworths.media/content/wowproductimages/medium/324843.jpg,Pantry;Baking,,,4.8,,,,,,,,,,,,,,,,,,,,,,,,,,,,,,,,,,,,,,,,,,
BT29HD45,Product,Green's Pink Cupcakes Mix 490g,,https://cdn1.woolworths.media/content/wowproductimages/medium/307799.jpg,Pantry;Baking,,,4.8,,,,,,,,,,,,,,,,,,,,,,,,,,,,,,,,,,,,,,,,,,
FW88EH34,Product,Greens Anna Salted Caramel Cupcake 465g,,https://cdn1.woolworths.media/content/wowproductimages/medium/857090.jpg,Pantry;Baking,,,7.14,,,,,,,,,,,,,,,,,,,,,,,,,,,,,,,,,,,,,,,,,,
BG68JC64,Product,Greens Brownie Break Chocolate Salted Caramel 75g,,https://cdn1.woolworths.media/content/wowproductimages/medium/680715.jpg,Pantry;Baking,,,3,,,,,,,,,,,,,,,,,,,,,,,,,,,,,,,,,,,,,,,,,,
GH16DW56,Product,Greens Brownie Break Double Chocolate Fudge 75g,,https://cdn1.woolworths.media/content/wowproductimages/medium/680716.jpg,Pantry;Baking,,,3,,,,,,,,,,,,,,,,,,,,,,,,,,,,,,,,,,,,,,,,,,
VX11EN98,Product,Greens Brownie Mix Chocolate 380g,,https://cdn1.woolworths.media/content/wowproductimages/medium/757795.jpg,Pantry;Baking,,,3.3,,,,,,,,,,,,,,,,,,,,,,,,,,,,,,,,,,,,,,,,,,
RG52VI16,Product,Greens Brownie Mix Triple Chocolate Fudge 500g,,https://cdn1.woolworths.media/content/wowproductimages/medium/575822.jpg,Pantry;Baking,,,4.8,,,,,,,,,,,,,,,,,,,,,,,,,,,,,,,,,,,,,,,,,,
CW61SO73,Product,Greens Buttermilk Crepe Shake 300g,,https://cdn1.woolworths.media/content/wowproductimages/medium/856995.jpg,Pantry;Baking,,,3.48,,,,,,,,,,,,,,,,,,,,,,,,,,,,,,,,,,,,,,,,,,
PK78KJ87,Product,Greens Cake Break Chocolate Mud Cake 60g,,https://cdn1.woolworths.media/content/wowproductimages/medium/680774.jpg,Pantry;Baking,,,3,,,,,,,,,,,,,,,,,,,,,,,,,,,,,,,,,,,,,,,,,,
WQ26IH93,Product,Greens Cake Break Cookies & Cream 65g,,https://cdn1.woolworths.media/content/wowproductimages/medium/857092.jpg,Pantry;Baking,,,3,,,,,,,,,,,,,,,,,,,,,,,,,,,,,,,,,,,,,,,,,,
FG24XS65,Product,Greens Cake Break Sticky Date Pudding 75g,,https://cdn1.woolworths.media/content/wowproductimages/medium/857093.jpg,Pantry;Baking,,,3,,,,,,,,,,,,,,,,,,,,,,,,,,,,,,,,,,,,,,,,,,
XH29ZD94,Product,Greens Cake Mix Banana 430g,,https://cdn1.woolworths.media/content/wowproductimages/medium/347112.jpg,Pantry;Baking,,,3.3,,,,,,,,,,,,,,,,,,,,,,,,,,,,,,,,,,,,,,,,,,
WF79ZV62,Product,Greens Cake Mix Caramel Mud 600g,,https://cdn1.woolworths.media/content/wowproductimages/medium/490105.jpg,Pantry;Baking,,,4.8,,,,,,,,,,,,,,,,,,,,,,,,,,,,,,,,,,,,,,,,,,
QL40IE35,Product,Greens Cake Mix Chocolate Mud 530g,,https://cdn1.woolworths.media/content/wowproductimages/medium/335575.jpg,Pantry;Baking,,,4.8,,,,,,,,,,,,,,,,,,,,,,,,,,,,,,,,,,,,,,,,,,
XH93RU63,Product,Greens Cake Mix Traditional Carrot 470g,,https://cdn1.woolworths.media/content/wowproductimages/medium/067291.jpg,Pantry;Baking,,,3.3,,,,,,,,,,,,,,,,,,,,,,,,,,,,,,,,,,,,,,,,,,
HR85VN96,Product,Greens Cake Mix Traditional Chocolate 440g,,https://cdn1.woolworths.media/content/wowproductimages/medium/053941.jpg,Pantry;Baking,,,3.3,,,,,,,,,,,,,,,,,,,,,,,,,,,,,,,,,,,,,,,,,,
BD25SS97,Product,Greens Cake Mix Traditional Date Loaf 415g,,https://cdn1.woolworths.media/content/wowproductimages/medium/017513.jpg,Pantry;Baking,,,3.3,,,,,,,,,,,,,,,,,,,,,,,,,,,,,,,,,,,,,,,,,,
DH12GB75,Product,Greens Cake Mix Traditional Golden Butter 440g,,https://cdn1.woolworths.media/content/wowproductimages/medium/067289.jpg,Pantry;Baking,,,3.3,,,,,,,,,,,,,,,,,,,,,,,,,,,,,,,,,,,,,,,,,,
HQ67YT85,Product,Greens Cake Mix Traditional Sultana 340g,,https://cdn1.woolworths.media/content/wowproductimages/medium/217506.jpg,Pantry;Baking,,,3.3,,,,,,,,,,,,,,,,,,,,,,,,,,,,,,,,,,,,,,,,,,
OI75DV95,Product,Greens Cake Mix Traditional Vanilla 470g,,https://cdn1.woolworths.media/content/wowproductimages/medium/205551.jpg,Pantry;Baking,,,3.3,,,,,,,,,,,,,,,,,,,,,,,,,,,,,,,,,,,,,,,,,,
UA15CW27,Product,Greens Cheesecake Original 420g,,https://cdn1.woolworths.media/content/wowproductimages/medium/857087.jpg,Pantry;Baking,,,4.8,,,,,,,,,,,,,,,,,,,,,,,,,,,,,,,,,,,,,,,,,,
WE83CL11,Product,Greens Choc Filled Doughnut Balls 480g,,https://cdn1.woolworths.media/content/wowproductimages/medium/857045.jpg,Pantry;Baking,,,4.8,,,,,,,,,,,,,,,,,,,,,,,,,,,,,,,,,,,,,,,,,,
WT99HR68,Product,Greens Classic Banana Bread 400g,,https://cdn1.woolworths.media/content/wowproductimages/medium/857067.jpg,Pantry;Baking,,,3,,,,,,,,,,,,,,,,,,,,,,,,,,,,,,,,,,,,,,,,,,
FE71KZ28,Product,Greens Cookie Break Choc Chip Cookie Dough 75g,,https://cdn1.woolworths.media/content/wowproductimages/medium/680717.jpg,Pantry;Baking,,,3,,,,,,,,,,,,,,,,,,,,,,,,,,,,,,,,,,,,,,,,,,
NB43MY31,Product,Greens Cupcake Mix Vanilla 380g,,https://cdn1.woolworths.media/content/wowproductimages/medium/724203.jpg,Pantry;Baking,,,3.3,,,,,,,,,,,,,,,,,,,,,,,,,,,,,,,,,,,,,,,,,,
FW75SP39,Product,Greens Learn To Bake Kids Disney Marvel Cupcake 215g,,https://cdn1.woolworths.media/content/wowproductimages/medium/680776.jpg,Pantry;Baking,,,4.8,,,,,,,,,,,,,,,,,,,,,,,,,,,,,,,,,,,,,,,,,,
YR12WR44,Product,Greens Learn To Bake Kids Paw Patrol Choc Chip Cookie 240g,,https://cdn1.woolworths.media/content/wowproductimages/medium/680780.jpg,Pantry;Baking,,,4.8,,,,,,,,,,,,,,,,,,,,,,,,,,,,,,,,,,,,,,,,,,
FP28NR39,Product,Greens Maple Syrup Pancake Shake 325g,,https://cdn1.woolworths.media/content/wowproductimages/medium/070743.jpg,Pantry;Baking,,,3.48,,,,,,,,,,,,,,,,,,,,,,,,,,,,,,,,,,,,,,,,,,
ZI41WR20,Product,Greens Pancake Mix Buttermilk Shake 325g,,https://cdn1.woolworths.media/content/wowproductimages/medium/204607.jpg,Pantry;Baking,,,3.48,,,,,,,,,,,,,,,,,,,,,,,,,,,,,,,,,,,,,,,,,,
BN78GI22,Product,Greens Peppa Pig Choc Pancake 325g,,https://cdn1.woolworths.media/content/wowproductimages/medium/860014.jpg,Pantry;Baking,,,3.48,,,,,,,,,,,,,,,,,,,,,,,,,,,,,,,,,,,,,,,,,,
UA34LP72,Product,Greens Pj Mask Blueberry Pancake 325g,,https://cdn1.woolworths.media/content/wowproductimages/medium/857028.jpg,Pantry;Baking,,,3.48,,,,,,,,,,,,,,,,,,,,,,,,,,,,,,,,,,,,,,,,,,
YJ48YV65,Product,Greens Pudding Blackberry Sponge 260g,,https://cdn1.woolworths.media/content/wowproductimages/medium/246604.jpg,Pantry;Baking,,,3.36,,,,,,,,,,,,,,,,,,,,,,,,,,,,,,,,,,,,,,,,,,
TX27QX78,Product,Greens Pudding Butterscotch Sponge 260g,,https://cdn1.woolworths.media/content/wowproductimages/medium/055855.jpg,Pantry;Baking,,,3.36,,,,,,,,,,,,,,,,,,,,,,,,,,,,,,,,,,,,,,,,,,
CX51JP61,Product,Greens Pudding Chocolate Sponge 260g,,https://cdn1.woolworths.media/content/wowproductimages/medium/055856.jpg,Pantry;Baking,,,3.36,,,,,,,,,,,,,,,,,,,,,,,,,,,,,,,,,,,,,,,,,,
EK61OR57,Product,Greens Pudding Lemon Sponge 260g,,https://cdn1.woolworths.media/content/wowproductimages/medium/246598.jpg,Pantry;Baking,,,3.36,,,,,,,,,,,,,,,,,,,,,,,,,,,,,,,,,,,,,,,,,,
ZL27FG93,Product,Greens Pudding Traditional Sticky Date 260g,,https://cdn1.woolworths.media/content/wowproductimages/medium/227571.jpg,Pantry;Baking,,,3.36,,,,,,,,,,,,,,,,,,,,,,,,,,,,,,,,,,,,,,,,,,
SN78YD73,Product,Greens Raspberry Crumble Slice 380g,,https://cdn1.woolworths.media/content/wowproductimages/medium/575821.jpg,Pantry;Baking,,,4.8,,,,,,,,,,,,,,,,,,,,,,,,,,,,,,,,,,,,,,,,,,
AR39PY93,Product,Greens Red Velvet Cupcake Mix 410g,,https://cdn1.woolworths.media/content/wowproductimages/medium/661509.jpg,Pantry;Baking,,,4.8,,,,,,,,,,,,,,,,,,,,,,,,,,,,,,,,,,,,,,,,,,
WQ81LW41,Product,Greens Vanilla Mud Cake Mix 600g,,https://cdn1.woolworths.media/content/wowproductimages/medium/661633.jpg,Pantry;Baking,,,4.8,,,,,,,,,,,,,,,,,,,,,,,,,,,,,,,,,,,,,,,,,,
GA31HZ82,Product,Healthy Baker Plain Flour Easy Store 1kg,,https://cdn1.woolworths.media/content/wowproductimages/medium/230949.jpg,Pantry;Baking,,,3.6,,,,,,,,,,,,,,,,,,,,,,,,,,,,,,,,,,,,,,,,,,
BI46AD95,Product,Healthy Baker Plain Flour Easy Store With Oat Beta Glucan 1kg,,https://cdn1.woolworths.media/content/wowproductimages/medium/789904.jpg,Pantry;Baking,,,4.8,,,,,,,,,,,,,,,,,,,,,,,,,,,,,,,,,,,,,,,,,,
BD24UD27,Product,Healthy Baker Self Raising Flour Easy Store 1kg,,https://cdn1.woolworths.media/content/wowproductimages/medium/230952.jpg,Pantry;Baking,,,3.6,,,,,,,,,,,,,,,,,,,,,,,,,,,,,,,,,,,,,,,,,,
UI55ZD80,Product,Heilala Baking Blend Vanilla Bean Paste 65g,,https://cdn1.woolworths.media/content/wowproductimages/medium/808850.jpg,Pantry;Baking,,,9.6,,,,,,,,,,,,,,,,,,,,,,,,,,,,,,,,,,,,,,,,,,
VH57JH10,Product,Heilala Baking Blend Vanilla Extract 125ml,,https://cdn1.woolworths.media/content/wowproductimages/medium/662134.jpg,Pantry;Baking,,,9.6,,,,,,,,,,,,,,,,,,,,,,,,,,,,,,,,,,,,,,,,,,
GF88BF69,Product,Hermesetas Liquid Stevia Sweetener 125ml,,https://cdn1.woolworths.media/content/wowproductimages/medium/720626.jpg,Pantry;Baking,,,6.59,,,,,,,,,,,,,,,,,,,,,,,,,,,,,,,,,,,,,,,,,,
EC32ND47,Product,Hermesetas Sweet Stevia Tablets 13.2g,,https://cdn1.woolworths.media/content/wowproductimages/medium/650297.jpg,Pantry;Baking,,,9.6,,,,,,,,,,,,,,,,,,,,,,,,,,,,,,,,,,,,,,,,,,
XY35JK70,Product,Hermesetas Sweetener Granulated Fructofibres 90g,,https://cdn1.woolworths.media/content/wowproductimages/medium/205478.jpg,Pantry;Baking,,,6.84,,,,,,,,,,,,,,,,,,,,,,,,,,,,,,,,,,,,,,,,,,
XF30IF30,Product,Hermesetas Sweetener Stevia Granules 75g,,https://cdn1.woolworths.media/content/wowproductimages/medium/329037.jpg,Pantry;Baking,,,9.78,,,,,,,,,,,,,,,,,,,,,,,,,,,,,,,,,,,,,,,,,,
EC90AM89,Product,Hermesetas Sweetener Stevia Sachets 50g,,https://cdn1.woolworths.media/content/wowproductimages/medium/329036.jpg,Pantry;Baking,,,6.36,,,,,,,,,,,,,,,,,,,,,,,,,,,,,,,,,,,,,,,,,,
EG45DZ22,Product,Il Molino Farino Flour 1kg,,https://cdn1.woolworths.media/content/wowproductimages/medium/608475.jpg,Pantry;Baking,,,3.6,,,,,,,,,,,,,,,,,,,,,,,,,,,,,,,,,,,,,,,,,,
DZ50PR81,Product,Laucke Barossa Sourdough Rye Bread Mix 2.4kg,,https://cdn1.woolworths.media/content/wowproductimages/medium/252199.jpg,Pantry;Baking,,,12.3,,,,,,,,,,,,,,,,,,,,,,,,,,,,,,,,,,,,,,,,,,
UT74AL11,Product,Laucke Country Women Scone Mix 1kg,,https://cdn1.woolworths.media/content/wowproductimages/medium/727561.jpg,Pantry;Baking,,,6.9,,,,,,,,,,,,,,,,,,,,,,,,,,,,,,,,,,,,,,,,,,
RA89JC43,Product,Laucke Crusty White Bread Mix 2.4kg,,https://cdn1.woolworths.media/content/wowproductimages/medium/252201.jpg,Pantry;Baking,,,12.3,,,,,,,,,,,,,,,,,,,,,,,,,,,,,,,,,,,,,,,,,,
NA35QN62,Product,Laucke Crusty White Bread Mix 500g,,https://cdn1.woolworths.media/content/wowproductimages/medium/727560.jpg,Pantry;Baking,,,2.82,,,,,,,,,,,,,,,,,,,,,,,,,,,,,,,,,,,,,,,,,,
AC59RR85,Product,Laucke Crusty White Bread Mix 5kg,,https://cdn1.woolworths.media/content/wowproductimages/medium/092404.jpg,Pantry;Baking,,,20.34,,,,,,,,,,,,,,,,,,,,,,,,,,,,,,,,,,,,,,,,,,
OH72QV31,Product,Laucke Gluten Free Bread Mix 500g,,https://cdn1.woolworths.media/content/wowproductimages/medium/790026.jpg,Pantry;Baking,,,5.16,,,,,,,,,,,,,,,,,,,,,,,,,,,,,,,,,,,,,,,,,,
AJ83CA65,Product,Laucke Multigrain Bread Mix 5kg,,https://cdn1.woolworths.media/content/wowproductimages/medium/092413.jpg,Pantry;Baking,,,19.2,,,,,,,,,,,,,,,,,,,,,,,,,,,,,,,,,,,,,,,,,,
QQ30UI64,Product,Laucke Multigrain Soy Linseed Bread Mix 2.4kg,,https://cdn1.woolworths.media/content/wowproductimages/medium/262808.jpg,Pantry;Baking,,,12.3,,,,,,,,,,,,,,,,,,,,,,,,,,,,,,,,,,,,,,,,,,
CR78CK45,Product,Laucke Pizza & Focaccia Dough Mix 1kg,,https://cdn1.woolworths.media/content/wowproductimages/medium/381343.jpg,Pantry;Baking,,,7.68,,,,,,,,,,,,,,,,,,,,,,,,,,,,,,,,,,,,,,,,,,
XW33PR70,Product,Lighthouse Biscuit Pastry & Cake Plain Flour 1kg,,https://cdn1.woolworths.media/content/wowproductimages/medium/262660.jpg,Pantry;Baking,,,4.38,,,,,,,,,,,,,,,,,,,,,,,,,,,,,,,,,,,,,,,,,,
VY92RQ40,Product,Lighthouse Bread And Pizza Plain Flour 1kg,,https://cdn1.woolworths.media/content/wowproductimages/medium/262665.jpg,Pantry;Baking,,,4.38,,,,,,,,,,,,,,,,,,,,,,,,,,,,,,,,,,,,,,,,,,
AM14AG25,Product,Lighthouse Crusty White Vienna Bread Mix 1.2kg,,https://cdn1.woolworths.media/content/wowproductimages/medium/349622.jpg,Pantry;Baking,,,6.6,,,,,,,,,,,,,,,,,,,,,,,,,,,,,,,,,,,,,,,,,,
ZE84BM98,Product,Lighthouse Pizza & Focaccia Bread Mix 1kg,,https://cdn1.woolworths.media/content/wowproductimages/medium/673513.jpg,Pantry;Baking,,,6,,,,,,,,,,,,,,,,,,,,,,,,,,,,,,,,,,,,,,,,,,
OO56XN72,Product,"Lighthouse Plain Flour For Pasta Tipo ""00"" 1kg",,https://cdn1.woolworths.media/content/wowproductimages/medium/262664.jpg,Pantry;Baking,,,4.5,,,,,,,,,,,,,,,,,,,,,,,,,,,,,,,,,,,,,,,,,,
AO54KT42,Product,Lighthouse Sponge Cake & Steamed Bun Self Raising Flour 1kg,,https://cdn1.woolworths.media/content/wowproductimages/medium/762578.jpg,Pantry;Baking,,,4.5,,,,,,,,,,,,,,,,,,,,,,,,,,,,,,,,,,,,,,,,,,
QL56IH69,Product,Lighthouse Wholemeal Crusty Bread Mix 1.2kg,,https://cdn1.woolworths.media/content/wowproductimages/medium/673515.jpg,Pantry;Baking,,,6,,,,,,,,,,,,,,,,,,,,,,,,,,,,,,,,,,,,,,,,,,
VT97IA66,Product,Lighthouse Wholemeal Plain Flour For Bread Pizza & Tortilla 1kg,,https://cdn1.woolworths.media/content/wowproductimages/medium/820127.jpg,Pantry;Baking,,,4.5,,,,,,,,,,,,,,,,,,,,,,,,,,,,,,,,,,,,,,,,,,
UI89AV20,Product,Lighthouse Yeast Bread Improver 10x7g,,https://cdn1.woolworths.media/content/wowproductimages/medium/673516.jpg,Pantry;Baking,,,6,,,,,,,,,,,,,,,,,,,,,,,,,,,,,,,,,,,,,,,,,,
EW31MK67,Product,Lindt Dessert 70% Cocoa Cooking Chocolate 180g,,https://cdn1.woolworths.media/content/wowproductimages/medium/491018.jpg,Pantry;Baking,,,7.2,,,,,,,,,,,,,,,,,,,,,,,,,,,,,,,,,,,,,,,,,,
AT12WO10,Product,Lindt Dessert Premium Dark Cooking Chocolate 180g,,https://cdn1.woolworths.media/content/wowproductimages/medium/491025.jpg,Pantry;Baking,,,7.2,,,,,,,,,,,,,,,,,,,,,,,,,,,,,,,,,,,,,,,,,,
SB79EN66,Product,Lion Classic Scone Mix 535g,,https://cdn1.woolworths.media/content/wowproductimages/medium/381389.jpg,Pantry;Baking,,,4.44,,,,,,,,,,,,,,,,,,,,,,,,,,,,,,,,,,,,,,,,,,
IS26XN70,Product,Lofo Pantry Low Fodmap Plain Flour 1kg,,https://cdn1.woolworths.media/content/wowproductimages/medium/674629.jpg,Pantry;Baking,,,6,,,,,,,,,,,,,,,,,,,,,,,,,,,,,,,,,,,,,,,,,,
HD24ZP83,Product,Lowan Yeast Dried Instant 280g,,https://cdn1.woolworths.media/content/wowproductimages/medium/184917.jpg,Pantry;Baking,,,5.04,,,,,,,,,,,,,,,,,,,,,,,,,,,,,,,,,,,,,,,,,,
CC57ZV43,Product,Lucky Almond Meal Meal 400g,,https://cdn1.woolworths.media/content/wowproductimages/medium/313448.jpg,Pantry;Baking,,,12.6,,,,,,,,,,,,,,,,,,,,,,,,,,,,,,,,,,,,,,,,,,
XH52MY79,Product,Lucky Almonds Sliced 110g,,https://cdn1.woolworths.media/content/wowproductimages/medium/369808.jpg,Pantry;Baking,,,6,,,,,,,,,,,,,,,,,,,,,,,,,,,,,,,,,,,,,,,,,,
ZW55FA91,Product,Lucky Hazelnut Meal 350g,,https://cdn1.woolworths.media/content/wowproductimages/medium/741429.jpg,Pantry;Baking,,,15.6,,,,,,,,,,,,,,,,,,,,,,,,,,,,,,,,,,,,,,,,,,
WO84OB47,Product,Lucky Natural Cashew Kernel 150g,,https://cdn1.woolworths.media/content/wowproductimages/medium/290539.jpg,Pantry;Baking,,,6,,,,,,,,,,,,,,,,,,,,,,,,,,,,,,,,,,,,,,,,,,
FE63JB15,Product,Lucky Oven Roasted Almonds 350g,,https://cdn1.woolworths.media/content/wowproductimages/medium/741449.jpg,Pantry;Baking,,,10.2,,,,,,,,,,,,,,,,,,,,,,,,,,,,,,,,,,,,,,,,,,
RK75FI79,Product,Lucky Pine Nuts Natural Seed Mix 200g,,https://cdn1.woolworths.media/content/wowproductimages/medium/247368.jpg,Pantry;Baking,,,5.88,,,,,,,,,,,,,,,,,,,,,,,,,,,,,,,,,,,,,,,,,,
NW27HE78,Product,Lucky Walnuts 100g,,https://cdn1.woolworths.media/content/wowproductimages/medium/289813.jpg,Pantry;Baking,,,3.6,,,,,,,,,,,,,,,,,,,,,,,,,,,,,,,,,,,,,,,,,,
VH21DT63,Product,Lucky Walnuts Crumbed 125g,,https://cdn1.woolworths.media/content/wowproductimages/medium/289996.jpg,Pantry;Baking,,,3.96,,,,,,,,,,,,,,,,,,,,,,,,,,,,,,,,,,,,,,,,,,
FP16XX42,Product,Macro Australian Polenta 450g,,https://cdn1.woolworths.media/content/wowproductimages/medium/231818.jpg,Pantry;Baking,,,3,,,,,,,,,,,,,,,,,,,,,,,,,,,,,,,,,,,,,,,,,,
DX59SX40,Product,Macro Dry Roasted & Salted Cashews Nuts 500g,,https://cdn1.woolworths.media/content/wowproductimages/medium/334866.jpg,Pantry;Baking,,,18,,,,,,,,,,,,,,,,,,,,,,,,,,,,,,,,,,,,,,,,,,
QN98EQ56,Product,Macro Natural Semolina Flour 925g,,https://cdn1.woolworths.media/content/wowproductimages/medium/235131.jpg,Pantry;Baking,,,5.4,,,,,,,,,,,,,,,,,,,,,,,,,,,,,,,,,,,,,,,,,,
NP13FR15,Product,Macro Organic Almonds Almonds 500g,,https://cdn1.woolworths.media/content/wowproductimages/medium/334861.jpg,Pantry;Baking,,,21.6,,,,,,,,,,,,,,,,,,,,,,,,,,,,,,,,,,,,,,,,,,
II54KQ64,Product,Macro Organic Buckwheat Flour 500g,,https://cdn1.woolworths.media/content/wowproductimages/medium/579236.jpg,Pantry;Baking,,,6,,,,,,,,,,,,,,,,,,,,,,,,,,,,,,,,,,,,,,,,,,
JK42TP32,Product,Macro Organic Cornflour 300g,,https://cdn1.woolworths.media/content/wowproductimages/medium/694862.jpg,Pantry;Baking,,,3.6,,,,,,,,,,,,,,,,,,,,,,,,,,,,,,,,,,,,,,,,,,
WR40DV33,Product,Macro Organic Flour White Spelt 750g,,https://cdn1.woolworths.media/content/wowproductimages/medium/335400.jpg,Pantry;Baking,,,9,,,,,,,,,,,,,,,,,,,,,,,,,,,,,,,,,,,,,,,,,,
WQ44GT91,Product,Macro Organic Flour Wholemeal Spelt 750g,,https://cdn1.woolworths.media/content/wowproductimages/medium/335402.jpg,Pantry;Baking,,,9,,,,,,,,,,,,,,,,,,,,,,,,,,,,,,,,,,,,,,,,,,
ZS13DN77,Product,Macro Organic Fruit Shredded Coconut 200g,,https://cdn1.woolworths.media/content/wowproductimages/medium/335088.jpg,Pantry;Baking,,,4.56,,,,,,,,,,,,,,,,,,,,,,,,,,,,,,,,,,,,,,,,,,
NX30PM61,Product,Macro Organic Mini Sultanas Sultanas 6pk,,https://cdn1.woolworths.media/content/wowproductimages/medium/717512.jpg,Pantry;Baking,,,3.6,,,,,,,,,,,,,,,,,,,,,,,,,,,,,,,,,,,,,,,,,,
BL94XC37,Product,Macro Organic Pancake Mix 300g,,https://cdn1.woolworths.media/content/wowproductimages/medium/382271.jpg,Pantry;Baking,,,4.14,,,,,,,,,,,,,,,,,,,,,,,,,,,,,,,,,,,,,,,,,,
CB84RW86,Product,Macro Organic Plain Flour 1kg,,https://cdn1.woolworths.media/content/wowproductimages/medium/215462.jpg,Pantry;Baking,,,5.4,,,,,,,,,,,,,,,,,,,,,,,,,,,,,,,,,,,,,,,,,,
XR87EK83,Product,Macro Organic Raw Sugar Organic 1kg,,https://cdn1.woolworths.media/content/wowproductimages/medium/215466.jpg,Pantry;Baking,,,3.42,,,,,,,,,,,,,,,,,,,,,,,,,,,,,,,,,,,,,,,,,,
OS98WX92,Product,Macro Organic Rice Flour 500g,,https://cdn1.woolworths.media/content/wowproductimages/medium/579238.jpg,Pantry;Baking,,,4.8,,,,,,,,,,,,,,,,,,,,,,,,,,,,,,,,,,,,,,,,,,
CM64TA75,Product,Macro Organic Self Raising Flour 1kg,,https://cdn1.woolworths.media/content/wowproductimages/medium/215464.jpg,Pantry;Baking,,,5.4,,,,,,,,,,,,,,,,,,,,,,,,,,,,,,,,,,,,,,,,,,
OL17ZK50,Product,Macro Organic Sultanas 500g,,https://cdn1.woolworths.media/content/wowproductimages/medium/335086.jpg,Pantry;Baking,,,6,,,,,,,,,,,,,,,,,,,,,,,,,,,,,,,,,,,,,,,,,,
WE49SB35,Product,Macro Organic Turkish Figs Figs 500g,,https://cdn1.woolworths.media/content/wowproductimages/medium/347130.jpg,Pantry;Baking,,,12,,,,,,,,,,,,,,,,,,,,,,,,,,,,,,,,,,,,,,,,,,
MO52JV18,Product,Mc Kenzie's Arrowroot Tapioca Flour 175g,,https://cdn1.woolworths.media/content/wowproductimages/medium/226010.jpg,Pantry;Baking,,,2.04,,,,,,,,,,,,,,,,,,,,,,,,,,,,,,,,,,,,,,,,,,
RV60ZW54,Product,Mckenzie's Acid Citric 75g,,https://cdn1.woolworths.media/content/wowproductimages/medium/000344.jpg,Pantry;Baking,,,2.7,,,,,,,,,,,,,,,,,,,,,,,,,,,,,,,,,,,,,,,,,,
QJ59JY17,Product,Mckenzie's Baking Aids Gelatine 100g,,https://cdn1.woolworths.media/content/wowproductimages/medium/255257.jpg,Pantry;Baking,,,4.44,,,,,,,,,,,,,,,,,,,,,,,,,,,,,,,,,,,,,,,,,,
IB10QU93,Product,Mckenzie's Baking Powder 125g,,https://cdn1.woolworths.media/content/wowproductimages/medium/007932.jpg,Pantry;Baking,,,3,,,,,,,,,,,,,,,,,,,,,,,,,,,,,,,,,,,,,,,,,,
ON79YG25,Product,Mckenzie's Baking Powder 300g,,https://cdn1.woolworths.media/content/wowproductimages/medium/574616.jpg,Pantry;Baking,,,6,,,,,,,,,,,,,,,,,,,,,,,,,,,,,,,,,,,,,,,,,,
EA94YK81,Product,Mckenzie's Bi Carb Soda 1kg,,https://cdn1.woolworths.media/content/wowproductimages/medium/428726.jpg,Pantry;Baking,,,4.2,,,,,,,,,,,,,,,,,,,,,,,,,,,,,,,,,,,,,,,,,,
SS35IT40,Product,Mckenzie's Bi Carb Soda 350g,,https://cdn1.woolworths.media/content/wowproductimages/medium/347118.jpg,Pantry;Baking,,,4.8,,,,,,,,,,,,,,,,,,,,,,,,,,,,,,,,,,,,,,,,,,
XY66RF30,Product,Mckenzie's Bi Carb Soda 500g,,https://cdn1.woolworths.media/content/wowproductimages/medium/075201.jpg,Pantry;Baking,,,2.88,,,,,,,,,,,,,,,,,,,,,,,,,,,,,,,,,,,,,,,,,,
IB24QM37,Product,Mckenzie's Chick Pea Flour 330g,,https://cdn1.woolworths.media/content/wowproductimages/medium/897407.jpg,Pantry;Baking,,,4.32,,,,,,,,,,,,,,,,,,,,,,,,,,,,,,,,,,,,,,,,,,
ZS88PB31,Product,Mckenzie's Coconut Fine Desiccated 250g,,https://cdn1.woolworths.media/content/wowproductimages/medium/028708.jpg,Pantry;Baking,,,3,,,,,,,,,,,,,,,,,,,,,,,,,,,,,,,,,,,,,,,,,,
GX90FF59,Product,Mckenzie's Coconut Flour 330g,,https://cdn1.woolworths.media/content/wowproductimages/medium/788462.jpg,Pantry;Baking,,,4.32,,,,,,,,,,,,,,,,,,,,,,,,,,,,,,,,,,,,,,,,,,
PH92PL24,Product,Mckenzie's Coconut Moist Flakes 225g,,https://cdn1.woolworths.media/content/wowproductimages/medium/251036.jpg,Pantry;Baking,,,3.96,,,,,,,,,,,,,,,,,,,,,,,,,,,,,,,,,,,,,,,,,,
QW96QY14,Product,Mckenzie's Coconut Shredded Loose 215g,,https://cdn1.woolworths.media/content/wowproductimages/medium/782242.jpg,Pantry;Baking,,,3.96,,,,,,,,,,,,,,,,,,,,,,,,,,,,,,,,,,,,,,,,,,
MR39QW24,Product,Mckenzie's Cream Of Tartar 125g,,https://cdn1.woolworths.media/content/wowproductimages/medium/205694.jpg,Pantry;Baking,,,4.08,,,,,,,,,,,,,,,,,,,,,,,,,,,,,,,,,,,,,,,,,,
AS23NZ62,Product,Mckenzie's Lentil Flour 330g,,https://cdn1.woolworths.media/content/wowproductimages/medium/897421.jpg,Pantry;Baking,,,4.32,,,,,,,,,,,,,,,,,,,,,,,,,,,,,,,,,,,,,,,,,,
FF35VL58,Product,Mckenzie's Quinoa Flour 350g,,https://cdn1.woolworths.media/content/wowproductimages/medium/788471.jpg,Pantry;Baking,,,10.32,,,,,,,,,,,,,,,,,,,,,,,,,,,,,,,,,,,,,,,,,,
IE58CY53,Product,Mckenzies Baking Aids Gelatine Leaves 20g,,https://cdn1.woolworths.media/content/wowproductimages/medium/724056.jpg,Pantry;Baking,,,6,,,,,,,,,,,,,,,,,,,,,,,,,,,,,,,,,,,,,,,,,,
RX89VG76,Product,Mckenzies Buckwheat Flour 300g,,https://cdn1.woolworths.media/content/wowproductimages/medium/820201.jpg,Pantry;Baking,,,4.32,,,,,,,,,,,,,,,,,,,,,,,,,,,,,,,,,,,,,,,,,,
LA42MZ37,Product,Mckenzies Oat Flour 250g,,https://cdn1.woolworths.media/content/wowproductimages/medium/820039.jpg,Pantry;Baking,,,4.32,,,,,,,,,,,,,,,,,,,,,,,,,,,,,,,,,,,,,,,,,,
PN95RX62,Product,Mckenzies Rice Flour 375g,,https://cdn1.woolworths.media/content/wowproductimages/medium/094275.jpg,Pantry;Baking,,,1.8,,,,,,,,,,,,,,,,,,,,,,,,,,,,,,,,,,,,,,,,,,
JX22HF35,Product,Mckenzies Tapioca Flour 300g,,https://cdn1.woolworths.media/content/wowproductimages/medium/820129.jpg,Pantry;Baking,,,4.32,,,,,,,,,,,,,,,,,,,,,,,,,,,,,,,,,,,,,,,,,,
OF25AL48,Product,Mckenzies Tigernut Flour 250g,,https://cdn1.woolworths.media/content/wowproductimages/medium/820210.jpg,Pantry;Baking,,,10.32,,,,,,,,,,,,,,,,,,,,,,,,,,,,,,,,,,,,,,,,,,
KZ57YY22,Product,Mckenzies Wholemeal Spelt Flour 300g,,https://cdn1.woolworths.media/content/wowproductimages/medium/820203.jpg,Pantry;Baking,,,4.32,,,,,,,,,,,,,,,,,,,,,,,,,,,,,,,,,,,,,,,,,,
UM63RM14,Product,Mountain Valley Pure & Natural Molasses 500g,,https://cdn1.woolworths.media/content/wowproductimages/medium/772966.jpg,Pantry;Baking,,,4.2,,,,,,,,,,,,,,,,,,,,,,,,,,,,,,,,,,,,,,,,,,
AY65TD52,Product,Multix Cake Decoration Piping Bags 5 pack,,https://cdn1.woolworths.media/content/wowproductimages/medium/264062.jpg,Pantry;Baking,,,4.2,,,,,,,,,,,,,,,,,,,,,,,,,,,,,,,,,,,,,,,,,,
BG22WH50,Product,Multix Patty Pans Muffin Cases White 100 pack,,https://cdn1.woolworths.media/content/wowproductimages/medium/307767.jpg,Pantry;Baking,,,3.6,,,,,,,,,,,,,,,,,,,,,,,,,,,,,,,,,,,,,,,,,,
CV68XO27,Product,Natvia 100% Natural Sweetener 300g,,https://cdn1.woolworths.media/content/wowproductimages/medium/534207.jpg,Pantry;Baking,,,9.3,,,,,,,,,,,,,,,,,,,,,,,,,,,,,,,,,,,,,,,,,,
MK21NF13,Product,Natvia Natural Sweetener Organic Stevia 600g,,https://cdn1.woolworths.media/content/wowproductimages/medium/652122.jpg,Pantry;Baking,,,17.7,,,,,,,,,,,,,,,,,,,,,,,,,,,,,,,,,,,,,,,,,,
XV16PM64,Product,Natvia Sweetener Sticks 40 pack,,https://cdn1.woolworths.media/content/wowproductimages/medium/741011.jpg,Pantry;Baking,,,5.4,,,,,,,,,,,,,,,,,,,,,,,,,,,,,,,,,,,,,,,,,,
FY57NM57,Product,Natvia Sweetener Tablets 100% Natural 200pk,,https://cdn1.woolworths.media/content/wowproductimages/medium/707225.jpg,Pantry;Baking,,,9.24,,,,,,,,,,,,,,,,,,,,,,,,,,,,,,,,,,,,,,,,,,
AY58SC83,Product,Natvia Sweeteners Stick Stick 80 pack,,https://cdn1.woolworths.media/content/wowproductimages/medium/741012.jpg,Pantry;Baking,,,10.2,,,,,,,,,,,,,,,,,,,,,,,,,,,,,,,,,,,,,,,,,,
XX25DE15,Product,Nestle Bakers Choice Cocoa 190g,,https://cdn1.woolworths.media/content/wowproductimages/medium/755111.jpg,Pantry;Baking,,,5.4,,,,,,,,,,,,,,,,,,,,,,,,,,,,,,,,,,,,,,,,,,
LD28MN23,Product,Nestle Bakers' Choice Dark Choc Bits 200g,,https://cdn1.woolworths.media/content/wowproductimages/medium/490008.jpg,Pantry;Baking,,,4.74,,,,,,,,,,,,,,,,,,,,,,,,,,,,,,,,,,,,,,,,,,
GV42JV19,Product,Nestle Bakers' Choice Dark Choc Melts 290g,,https://cdn1.woolworths.media/content/wowproductimages/medium/489888.jpg,Pantry;Baking,,,4.62,,,,,,,,,,,,,,,,,,,,,,,,,,,,,,,,,,,,,,,,,,
TU43JG40,Product,Nestle Bakers' Choice Milk Choc Bits 200g,,https://cdn1.woolworths.media/content/wowproductimages/medium/490082.jpg,Pantry;Baking,,,4.74,,,,,,,,,,,,,,,,,,,,,,,,,,,,,,,,,,,,,,,,,,
JX79BG44,Product,Nestle Bakers' Choice Milk Choc Bits Value Pack 375g,,https://cdn1.woolworths.media/content/wowproductimages/medium/490090.jpg,Pantry;Baking,,,8.16,,,,,,,,,,,,,,,,,,,,,,,,,,,,,,,,,,,,,,,,,,
NH77WD77,Product,Nestle Bakers' Choice Milk Choc Melts 290g,,https://cdn1.woolworths.media/content/wowproductimages/medium/490001.jpg,Pantry;Baking,,,4.62,,,,,,,,,,,,,,,,,,,,,,,,,,,,,,,,,,,,,,,,,,
UG87FE55,Product,Nestle Bakers' Choice White Choc Bits 200g,,https://cdn1.woolworths.media/content/wowproductimages/medium/490083.jpg,Pantry;Baking,,,4.74,,,,,,,,,,,,,,,,,,,,,,,,,,,,,,,,,,,,,,,,,,
HS81XN72,Product,Nestle Bakers' Choice White Choc Melts 290g,,https://cdn1.woolworths.media/content/wowproductimages/medium/490010.jpg,Pantry;Baking,,,4.62,,,,,,,,,,,,,,,,,,,,,,,,,,,,,,,,,,,,,,,,,,
FK17JD46,Product,Nestle Caramel Top N Fill 380g,,https://cdn1.woolworths.media/content/wowproductimages/medium/043133.jpg,Pantry;Baking,,,6,,,,,,,,,,,,,,,,,,,,,,,,,,,,,,,,,,,,,,,,,,
BH81UP95,Product,Nestle Mini Smarties Bits 150g,,https://cdn1.woolworths.media/content/wowproductimages/medium/662341.jpg,Pantry;Baking,,,4.8,,,,,,,,,,,,,,,,,,,,,,,,,,,,,,,,,,,,,,,,,,
MW80NE61,Product,Nestle Plaistowe Cocoa Premium 180g,,https://cdn1.woolworths.media/content/wowproductimages/medium/723948.jpg,Pantry;Baking,,,7.2,,,,,,,,,,,,,,,,,,,,,,,,,,,,,,,,,,,,,,,,,,
XX86BF62,Product,Nestle Plaistowe Cooking Chocolate 70% Cocoa 200g,,https://cdn1.woolworths.media/content/wowproductimages/medium/347100.jpg,Pantry;Baking,,,5.7,,,,,,,,,,,,,,,,,,,,,,,,,,,,,,,,,,,,,,,,,,
EC90VG32,Product,Nestle Plaistowe Cooking Chocolate Extra Creamy Premium White 180g,,https://cdn1.woolworths.media/content/wowproductimages/medium/188643.jpg,Pantry;Baking,,,5.7,,,,,,,,,,,,,,,,,,,,,,,,,,,,,,,,,,,,,,,,,,
ZI65YU86,Product,Nestle Plaistowe Dark Cooking Chocolate 200g,,https://cdn1.woolworths.media/content/wowproductimages/medium/043816.jpg,Pantry;Baking,,,5.7,,,,,,,,,,,,,,,,,,,,,,,,,,,,,,,,,,,,,,,,,,
SF47QG64,Product,Nestle Plaistowe Milk Cooking Chocolate 200g,,https://cdn1.woolworths.media/content/wowproductimages/medium/188644.jpg,Pantry;Baking,,,5.7,,,,,,,,,,,,,,,,,,,,,,,,,,,,,,,,,,,,,,,,,,
SF53MN46,Product,Noshu 99% Sugar Free Cake Mix Rich Chocolate 540g,,https://cdn1.woolworths.media/content/wowproductimages/medium/680980.jpg,Pantry;Baking,,,9.6,,,,,,,,,,,,,,,,,,,,,,,,,,,,,,,,,,,,,,,,,,
DZ77IF90,Product,Noshu 99% Sugar Free Cake Mix Vanilla Velvet 540g,,https://cdn1.woolworths.media/content/wowproductimages/medium/680978.jpg,Pantry;Baking,,,9.6,,,,,,,,,,,,,,,,,,,,,,,,,,,,,,,,,,,,,,,,,,
OR81ZJ83,Product,Noshu Sugar Free Gluten Free Brownie Mix 300g,,https://cdn1.woolworths.media/content/wowproductimages/medium/805313.jpg,Pantry;Baking,,,9,,,,,,,,,,,,,,,,,,,,,,,,,,,,,,,,,,,,,,,,,,
EJ35FP59,Product,Noshu Sugar Free White Choc Vanilla Cookies Mix 300g,,https://cdn1.woolworths.media/content/wowproductimages/medium/847895.jpg,Pantry;Baking,,,9,,,,,,,,,,,,,,,,,,,,,,,,,,,,,,,,,,,,,,,,,,
OP96SN73,Product,Ocean Spray Berries Craisins Cranberry 170g,,https://cdn1.woolworths.media/content/wowproductimages/medium/095093.jpg,Pantry;Baking,,,4.8,,,,,,,,,,,,,,,,,,,,,,,,,,,,,,,,,,,,,,,,,,
OM77XB39,Product,Ocean Spray Craisins Reduced Sugar 150g,,https://cdn1.woolworths.media/content/wowproductimages/medium/456578.jpg,Pantry;Baking,,,4.8,,,,,,,,,,,,,,,,,,,,,,,,,,,,,,,,,,,,,,,,,,
DD85FE88,Product,Ocean Spray Craisins Value Bag 283g,,https://cdn1.woolworths.media/content/wowproductimages/medium/841896.jpg,Pantry;Baking,,,7.2,,,,,,,,,,,,,,,,,,,,,,,,,,,,,,,,,,,,,,,,,,
PC31SK67,Product,Pancake Parlour Pancake Mix 500g,,https://cdn1.woolworths.media/content/wowproductimages/medium/495007.jpg,Pantry;Baking,,,7.92,,,,,,,,,,,,,,,,,,,,,,,,,,,,,,,,,,,,,,,,,,
KS40QA96,Product,Pureharvest Rice Malt Syrup 500g,,https://cdn1.woolworths.media/content/wowproductimages/medium/056698.jpg,Pantry;Baking,,,4.56,,,,,,,,,,,,,,,,,,,,,,,,,,,,,,,,,,,,,,,,,,
KT26OX46,Product,Queen Black Food Colour Gel 15g,,https://cdn1.woolworths.media/content/wowproductimages/medium/490086.jpg,Pantry;Baking,,,3,,,,,,,,,,,,,,,,,,,,,,,,,,,,,,,,,,,,,,,,,,
HY85YJ40,Product,Queen Blue Food Colour 50ml,,https://cdn1.woolworths.media/content/wowproductimages/medium/037421.jpg,Pantry;Baking,,,1.32,,,,,,,,,,,,,,,,,,,,,,,,,,,,,,,,,,,,,,,,,,
EU15EL29,Product,Queen Bubble Gum Flavour For Icing 50ml,,https://cdn1.woolworths.media/content/wowproductimages/medium/575973.jpg,Pantry;Baking,,,2.4,,,,,,,,,,,,,,,,,,,,,,,,,,,,,,,,,,,,,,,,,,
KU31CB80,Product,Queen Celebrating 120 Years Pure Vanilla Extract 100ml,,https://cdn1.woolworths.media/content/wowproductimages/medium/575974.jpg,Pantry;Baking,,,18,,,,,,,,,,,,,,,,,,,,,,,,,,,,,,,,,,,,,,,,,,
LW95SP67,Product,Queen Essences Almond Flavour Natural 50ml,,https://cdn1.woolworths.media/content/wowproductimages/medium/111515.jpg,Pantry;Baking,,,1.32,,,,,,,,,,,,,,,,,,,,,,,,,,,,,,,,,,,,,,,,,,
EZ90VO10,Product,Queen Fairtrade Vanilla Extract With Seeds 50ml,,https://cdn1.woolworths.media/content/wowproductimages/medium/774157.jpg,Pantry;Baking,,,9.6,,,,,,,,,,,,,,,,,,,,,,,,,,,,,,,,,,,,,,,,,,
KP59FR87,Product,Queen Finest Madagascar Vanilla Bean Paste 50g,,https://cdn1.woolworths.media/content/wowproductimages/medium/490097.jpg,Pantry;Baking,,,12,,,,,,,,,,,,,,,,,,,,,,,,,,,,,,,,,,,,,,,,,,
BB30KJ90,Product,Queen Finest Single Origin Extract Madagascar 50ml,,https://cdn1.woolworths.media/content/wowproductimages/medium/490091.jpg,Pantry;Baking,,,9.6,,,,,,,,,,,,,,,,,,,,,,,,,,,,,,,,,,,,,,,,,,
MV85TK91,Product,Queen Finest Vanilla Bean Pods 4g,,https://cdn1.woolworths.media/content/wowproductimages/large/default.png,Pantry;Baking,,,9.6,,,,,,,,,,,,,,,,,,,,,,,,,,,,,,,,,,,,,,,,,,
XT19IZ99,Product,Queen Frosting Royal Icing 330g,,https://cdn1.woolworths.media/content/wowproductimages/medium/378733.jpg,Pantry;Baking,,,4.92,,,,,,,,,,,,,,,,,,,,,,,,,,,,,,,,,,,,,,,,,,
SC61PK38,Product,Queen Glucose Syrup 500g,,https://cdn1.woolworths.media/content/wowproductimages/medium/202407.jpg,Pantry;Baking,,,5.4,,,,,,,,,,,,,,,,,,,,,,,,,,,,,,,,,,,,,,,,,,
QP83UX82,Product,Queen Green Food Colour 50ml,,https://cdn1.woolworths.media/content/wowproductimages/medium/037422.jpg,Pantry;Baking,,,1.32,,,,,,,,,,,,,,,,,,,,,,,,,,,,,,,,,,,,,,,,,,
SQ18ZI58,Product,Queen Imitation Vanilla Flavouring 200ml,,https://cdn1.woolworths.media/content/wowproductimages/medium/023672.jpg,Pantry;Baking,,,2.34,,,,,,,,,,,,,,,,,,,,,,,,,,,,,,,,,,,,,,,,,,
IH96RW37,Product,Queen Jel-it-in Vegetarian Gelling Powder 8x8 64g,,https://cdn1.woolworths.media/content/wowproductimages/medium/747239.jpg,Pantry;Baking,,,4.8,,,,,,,,,,,,,,,,,,,,,,,,,,,,,,,,,,,,,,,,,,
YQ45DK18,Product,Queen Limited Edition Flavour For Icing 50ml,,https://cdn1.woolworths.media/content/wowproductimages/medium/682607.jpg,Pantry;Baking,,,2.4,,,,,,,,,,,,,,,,,,,,,,,,,,,,,,,,,,,,,,,,,,
GW89BX48,Product,Queen Natural Food Colouring Rainbow 4x7ml,,https://cdn1.woolworths.media/content/wowproductimages/medium/743683.jpg,Pantry;Baking,,,9.3,,,,,,,,,,,,,,,,,,,,,,,,,,,,,,,,,,,,,,,,,,
SI24CT82,Product,Queen Natural Lemon Extract 50ml,,https://cdn1.woolworths.media/content/wowproductimages/medium/037417.jpg,Pantry;Baking,,,1.32,,,,,,,,,,,,,,,,,,,,,,,,,,,,,,,,,,,,,,,,,,
PR24BI49,Product,Queen Natural Peppermint Extract 50ml,,https://cdn1.woolworths.media/content/wowproductimages/medium/111506.jpg,Pantry;Baking,,,1.32,,,,,,,,,,,,,,,,,,,,,,,,,,,,,,,,,,,,,,,,,,
WA69FX16,Product,Queen Natural Rosewater Essence 50ml,,https://cdn1.woolworths.media/content/wowproductimages/medium/111520.jpg,Pantry;Baking,,,1.32,,,,,,,,,,,,,,,,,,,,,,,,,,,,,,,,,,,,,,,,,,
DS88OO64,Product,Queen Natural Vanilla Concentrated Extract 50ml,,https://cdn1.woolworths.media/content/wowproductimages/medium/115233.jpg,Pantry;Baking,,,8.88,,,,,,,,,,,,,,,,,,,,,,,,,,,,,,,,,,,,,,,,,,
OX76YX64,Product,Queen Natural Vanilla Extract 200ml,,https://cdn1.woolworths.media/content/wowproductimages/medium/092960.jpg,Pantry;Baking,,,13.8,,,,,,,,,,,,,,,,,,,,,,,,,,,,,,,,,,,,,,,,,,
PX37RB32,Product,Queen Organic Vanilla Bean Paste 140g,,https://cdn1.woolworths.media/content/wowproductimages/medium/786237.jpg,Pantry;Baking,,,19.8,,,,,,,,,,,,,,,,,,,,,,,,,,,,,,,,,,,,,,,,,,
QZ15UT51,Product,Queen Organic Vanilla Bean Paste 65g,,https://cdn1.woolworths.media/content/wowproductimages/medium/225399.jpg,Pantry;Baking,,,14.16,,,,,,,,,,,,,,,,,,,,,,,,,,,,,,,,,,,,,,,,,,
CM95BE33,Product,Queen Pillar Box Red Food Colour 50ml,,https://cdn1.woolworths.media/content/wowproductimages/medium/205664.jpg,Pantry;Baking,,,1.32,,,,,,,,,,,,,,,,,,,,,,,,,,,,,,,,,,,,,,,,,,
NI95YE63,Product,Queen Pink Food Colour Gel 15g,,https://cdn1.woolworths.media/content/wowproductimages/medium/804415.jpg,Pantry;Baking,,,3,,,,,,,,,,,,,,,,,,,,,,,,,,,,,,,,,,,,,,,,,,
NA28VA58,Product,Queen Purple Food Colour Gel 15g,,https://cdn1.woolworths.media/content/wowproductimages/medium/804423.jpg,Pantry;Baking,,,3,,,,,,,,,,,,,,,,,,,,,,,,,,,,,,,,,,,,,,,,,,
BT97HZ81,Product,Queen Rainbow Food Colours 4 pack,,https://cdn1.woolworths.media/content/wowproductimages/medium/031777.jpg,Pantry;Baking,,,4.32,,,,,,,,,,,,,,,,,,,,,,,,,,,,,,,,,,,,,,,,,,
JP76WK69,Product,Queen Red Food Colour Gel 15g,,https://cdn1.woolworths.media/content/wowproductimages/medium/786238.jpg,Pantry;Baking,,,3,,,,,,,,,,,,,,,,,,,,,,,,,,,,,,,,,,,,,,,,,,
YV91BV73,Product,Queen Strawberry & Cream Flavour For Icing 50ml,,https://cdn1.woolworths.media/content/wowproductimages/medium/490095.jpg,Pantry;Baking,,,2.4,,,,,,,,,,,,,,,,,,,,,,,,,,,,,,,,,,,,,,,,,,
IR93KX95,Product,Queen Teal Food Colour Gel 15g,,https://cdn1.woolworths.media/content/wowproductimages/medium/804424.jpg,Pantry;Baking,,,3,,,,,,,,,,,,,,,,,,,,,,,,,,,,,,,,,,,,,,,,,,
VA37EC34,Product,Queen Unicorn Dream Flavour For Icing 50ml,,https://cdn1.woolworths.media/content/wowproductimages/medium/662402.jpg,Pantry;Baking,,,2.4,,,,,,,,,,,,,,,,,,,,,,,,,,,,,,,,,,,,,,,,,,
XN13PG16,Product,Queen Writing Icing 5 pack,,https://cdn1.woolworths.media/content/wowproductimages/medium/774154.jpg,Pantry;Baking,,,6,,,,,,,,,,,,,,,,,,,,,,,,,,,,,,,,,,,,,,,,,,
ID97BZ92,Product,Raw Earth Natural Sweetener Stevia & Monk Fruit 200g,,https://cdn1.woolworths.media/content/wowproductimages/medium/651045.jpg,Pantry;Baking,,,9.6,,,,,,,,,,,,,,,,,,,,,,,,,,,,,,,,,,,,,,,,,,
NT18ZY19,Product,Raw Earth Stevia & Monk Fruit Sweetener Sticks 40 pack,,https://cdn1.woolworths.media/content/wowproductimages/medium/651044.jpg,Pantry;Baking,,,5.7,,,,,,,,,,,,,,,,,,,,,,,,,,,,,,,,,,,,,,,,,,
XG78SI81,Product,Reeses Peanut Butter Chips 283g,,https://cdn1.woolworths.media/content/wowproductimages/medium/827791.jpg,Pantry;Baking,,,6,,,,,,,,,,,,,,,,,,,,,,,,,,,,,,,,,,,,,,,,,,
FU82YM52,Product,Salad Topper Loose per 100g,,https://cdn1.woolworths.media/content/wowproductimages/medium/767420.jpg,Pantry;Baking,,,2.58,,,,,,,,,,,,,,,,,,,,,,,,,,,,,,,,,,,,,,,,,,
WW44BQ90,Product,San Remo Durum Wheat Semolina 1kg,,https://cdn1.woolworths.media/content/wowproductimages/medium/673427.jpg,Pantry;Baking,,,3.6,,,,,,,,,,,,,,,,,,,,,,,,,,,,,,,,,,,,,,,,,,
UP51QJ50,Product,Splenda Sweetener Granular 120g,,https://cdn1.woolworths.media/content/wowproductimages/medium/001538.jpg,Pantry;Baking,,,9.96,,,,,,,,,,,,,,,,,,,,,,,,,,,,,,,,,,,,,,,,,,
XS20TX69,Product,Splenda Sweetener Sachets 100g,,https://cdn1.woolworths.media/content/wowproductimages/medium/346058.jpg,Pantry;Baking,,,7.44,,,,,,,,,,,,,,,,,,,,,,,,,,,,,,,,,,,,,,,,,,
BJ44HW16,Product,Splenda Sweetener Tablets 200 pack,,https://cdn1.woolworths.media/content/wowproductimages/medium/524676.jpg,Pantry;Baking,,,7.74,,,,,,,,,,,,,,,,,,,,,,,,,,,,,,,,,,,,,,,,,,
TQ80RD66,Product,Sshmallows Cake Decoration Mallows Mini Assorted 100g,,https://cdn1.woolworths.media/content/wowproductimages/medium/307853.jpg,Pantry;Baking,,,2.4,,,,,,,,,,,,,,,,,,,,,,,,,,,,,,,,,,,,,,,,,,
ZF87SF77,Product,Sshmallows White Mini Marshmallows 100g,,https://cdn1.woolworths.media/content/wowproductimages/medium/491355.jpg,Pantry;Baking,,,2.4,,,,,,,,,,,,,,,,,,,,,,,,,,,,,,,,,,,,,,,,,,
UZ70VO84,Product,Sugarine Sweetener Tablets 600 pack,,https://cdn1.woolworths.media/content/wowproductimages/medium/612562.jpg,Pantry;Baking,,,6.84,,,,,,,,,,,,,,,,,,,,,,,,,,,,,,,,,,,,,,,,,,
HJ53GR47,Product,Sugarless Low Calorie Sweetener Sachets 132 pack,,https://cdn1.woolworths.media/content/wowproductimages/medium/665785.jpg,Pantry;Baking,,,7.2,,,,,,,,,,,,,,,,,,,,,,,,,,,,,,,,,,,,,,,,,,
DD51AO63,Product,Sugarless Low Calorie Sweetener Tablets 36g,,https://cdn1.woolworths.media/content/wowproductimages/medium/652071.jpg,Pantry;Baking,,,6,,,,,,,,,,,,,,,,,,,,,,,,,,,,,,,,,,,,,,,,,,
IP74FN56,Product,Sugarless Stevia Organic 350g,,https://cdn1.woolworths.media/content/wowproductimages/medium/665840.jpg,Pantry;Baking,,,10.2,,,,,,,,,,,,,,,,,,,,,,,,,,,,,,,,,,,,,,,,,,
IV55GT14,Product,Sultanas Loose per kg 100g,,https://cdn1.woolworths.media/content/wowproductimages/medium/767241.jpg,Pantry;Baking,,,1.2,,,,,,,,,,,,,,,,,,,,,,,,,,,,,,,,,,,,,,,,,,
AU61BD92,Product,Sunbeam Almonds Flaked 100g,,https://cdn1.woolworths.media/content/wowproductimages/medium/251055.jpg,Pantry;Baking,,,6,,,,,,,,,,,,,,,,,,,,,,,,,,,,,,,,,,,,,,,,,,
SY12HI54,Product,Sunbeam Almonds Flaked 230g,,https://cdn1.woolworths.media/content/wowproductimages/medium/661258.jpg,Pantry;Baking,,,12,,,,,,,,,,,,,,,,,,,,,,,,,,,,,,,,,,,,,,,,,,
UI78EY60,Product,Sunbeam Almonds Meal Value Pack 350g,,https://cdn1.woolworths.media/content/wowproductimages/medium/783097.jpg,Pantry;Baking,,,12,,,,,,,,,,,,,,,,,,,,,,,,,,,,,,,,,,,,,,,,,,
JO42OI35,Product,Sunbeam Almonds Slivered 100g,,https://cdn1.woolworths.media/content/wowproductimages/medium/251057.jpg,Pantry;Baking,,,6,,,,,,,,,,,,,,,,,,,,,,,,,,,,,,,,,,,,,,,,,,
PZ37EX13,Product,Sunbeam Currants 300g,,https://cdn1.woolworths.media/content/wowproductimages/medium/024258.jpg,Pantry;Baking,,,4.68,,,,,,,,,,,,,,,,,,,,,,,,,,,,,,,,,,,,,,,,,,
QW35DC37,Product,Sunbeam Gourmet Mixed Fruit 500g,,https://cdn1.woolworths.media/content/wowproductimages/medium/941242.jpg,Pantry;Baking,,,8.4,,,,,,,,,,,,,,,,,,,,,,,,,,,,,,,,,,,,,,,,,,
IW31QA57,Product,Sunbeam Natural Sultanas 450g,,https://cdn1.woolworths.media/content/wowproductimages/medium/259168.jpg,Pantry;Baking,,,4.8,,,,,,,,,,,,,,,,,,,,,,,,,,,,,,,,,,,,,,,,,,
QG50WY11,Product,Sunbeam Pine Nuts 170g,,https://cdn1.woolworths.media/content/wowproductimages/medium/661301.jpg,Pantry;Baking,,,12,,,,,,,,,,,,,,,,,,,,,,,,,,,,,,,,,,,,,,,,,,
RP88KI51,Product,Sunbeam Pine Nuts 70g,,https://cdn1.woolworths.media/content/wowproductimages/medium/313311.jpg,Pantry;Baking,,,6,,,,,,,,,,,,,,,,,,,,,,,,,,,,,,,,,,,,,,,,,,
BT98RE55,Product,Sunbeam Seed Mix 165g,,https://cdn1.woolworths.media/content/wowproductimages/medium/329219.jpg,Pantry;Baking,,,3.6,,,,,,,,,,,,,,,,,,,,,,,,,,,,,,,,,,,,,,,,,,
YT80JJ51,Product,Sunbeam Slivered Almonds 230g,,https://cdn1.woolworths.media/content/wowproductimages/medium/661243.jpg,Pantry;Baking,,,12,,,,,,,,,,,,,,,,,,,,,,,,,,,,,,,,,,,,,,,,,,
ZG68XJ61,Product,Sunbeam Sultanas & Apple 6x25g,,https://cdn1.woolworths.media/content/wowproductimages/medium/177190.jpg,Pantry;Baking,,,3.9,,,,,,,,,,,,,,,,,,,,,,,,,,,,,,,,,,,,,,,,,,
OD97ML60,Product,Sunbeam Sultanas 1kg,,https://cdn1.woolworths.media/content/wowproductimages/medium/661325.jpg,Pantry;Baking,,,8.76,,,,,,,,,,,,,,,,,,,,,,,,,,,,,,,,,,,,,,,,,,
LC80UI74,Product,Sunbeam Sunflower Kernels 225g,,https://cdn1.woolworths.media/content/wowproductimages/medium/329230.jpg,Pantry;Baking,,,2.88,,,,,,,,,,,,,,,,,,,,,,,,,,,,,,,,,,,,,,,,,,
OZ85UG27,Product,Sunbeam Walnuts 160g,,https://cdn1.woolworths.media/content/wowproductimages/medium/661321.jpg,Pantry;Baking,,,6,,,,,,,,,,,,,,,,,,,,,,,,,,,,,,,,,,,,,,,,,,
TJ48TI15,Product,Sunbeam Yoghurt Coated Sultanas 180g,,https://cdn1.woolworths.media/content/wowproductimages/medium/466062.jpg,Pantry;Baking,,,4.2,,,,,,,,,,,,,,,,,,,,,,,,,,,,,,,,,,,,,,,,,,
BR22MV32,Product,Sunsweet Pitted Prunes 400g,,https://cdn1.woolworths.media/content/wowproductimages/medium/460947.jpg,Pantry;Baking,,,7.56,,,,,,,,,,,,,,,,,,,,,,,,,,,,,,,,,,,,,,,,,,
LN34XB29,Product,Sunsweet Prunes Pitted 200g,,https://cdn1.woolworths.media/content/wowproductimages/medium/259201.jpg,Pantry;Baking,,,4.32,,,,,,,,,,,,,,,,,,,,,,,,,,,,,,,,,,,,,,,,,,
QT99IF91,Product,Tandaco Dry Yeast 12pk 84g,,https://cdn1.woolworths.media/content/wowproductimages/medium/039156.jpg,Pantry;Baking,,,5.4,,,,,,,,,,,,,,,,,,,,,,,,,,,,,,,,,,,,,,,,,,
SC46DV84,Product,Tandaco Dry Yeast 5pk 35g,,https://cdn1.woolworths.media/content/wowproductimages/medium/015391.jpg,Pantry;Baking,,,2.88,,,,,,,,,,,,,,,,,,,,,,,,,,,,,,,,,,,,,,,,,,
FJ90KS51,Product,Twinkle Sprinkle Cupcake Mix Shimmer Powder Light 24g,,https://cdn1.woolworths.media/content/wowproductimages/medium/746488.jpg,Pantry;Baking,,,7.8,,,,,,,,,,,,,,,,,,,,,,,,,,,,,,,,,,,,,,,,,,
QB15TR70,Product,Verity Prunes Large 750g,,https://cdn1.woolworths.media/content/wowproductimages/medium/091837.jpg,Pantry;Baking,,,7.2,,,,,,,,,,,,,,,,,,,,,,,,,,,,,,,,,,,,,,,,,,
KQ40BG68,Product,Wallaby Bakers Flour 5kg,,https://cdn1.woolworths.media/content/wowproductimages/medium/309217.jpg,Pantry;Baking,,,15.84,,,,,,,,,,,,,,,,,,,,,,,,,,,,,,,,,,,,,,,,,,
PD95RH47,Product,Wallaby Bread Improver 125g,,https://cdn1.woolworths.media/content/wowproductimages/medium/349621.jpg,Pantry;Baking,,,4.8,,,,,,,,,,,,,,,,,,,,,,,,,,,,,,,,,,,,,,,,,,
WM20QS63,Product,White Wing Banana Muffin 455g,,https://cdn1.woolworths.media/content/wowproductimages/medium/577127.jpg,Pantry;Baking,,,6,,,,,,,,,,,,,,,,,,,,,,,,,,,,,,,,,,,,,,,,,,
NF10JA18,Product,White Wings Bliss Balls Apricot & Coconut 250g,,https://cdn1.woolworths.media/content/wowproductimages/medium/682288.jpg,Pantry;Baking,,,6,,,,,,,,,,,,,,,,,,,,,,,,,,,,,,,,,,,,,,,,,,
CB34NZ20,Product,White Wings Bliss Balls Date & Cocoa 250g,,https://cdn1.woolworths.media/content/wowproductimages/medium/682320.jpg,Pantry;Baking,,,6,,,,,,,,,,,,,,,,,,,,,,,,,,,,,,,,,,,,,,,,,,
IY38BM94,Product,White Wings Brownie Mix Chocolate Chunk 475g,,https://cdn1.woolworths.media/content/wowproductimages/medium/325191.jpg,Pantry;Baking,,,6,,,,,,,,,,,,,,,,,,,,,,,,,,,,,,,,,,,,,,,,,,
UD13PS95,Product,White Wings Brownie Mix Double Chocolate Fudge 560g,,https://cdn1.woolworths.media/content/wowproductimages/medium/254587.jpg,Pantry;Baking,,,6,,,,,,,,,,,,,,,,,,,,,,,,,,,,,,,,,,,,,,,,,,
QJ11RZ78,Product,White Wings Cake In A Cup Butterscotch Brownie 220g,,https://cdn1.woolworths.media/content/wowproductimages/medium/682306.jpg,Pantry;Baking,,,6,,,,,,,,,,,,,,,,,,,,,,,,,,,,,,,,,,,,,,,,,,
EL97ZD33,Product,White Wings Cake In A Cup Choc Mint Brownie 220g,,https://cdn1.woolworths.media/content/wowproductimages/medium/855579.jpg,Pantry;Baking,,,6,,,,,,,,,,,,,,,,,,,,,,,,,,,,,,,,,,,,,,,,,,
CL36AU51,Product,White Wings Cake In A Cup Cinnamon Donut 220g,,https://cdn1.woolworths.media/content/wowproductimages/medium/805852.jpg,Pantry;Baking,,,6,,,,,,,,,,,,,,,,,,,,,,,,,,,,,,,,,,,,,,,,,,
JK71EB43,Product,White Wings Cake In A Cup Double Chocolate 220g,,https://cdn1.woolworths.media/content/wowproductimages/medium/443382.jpg,Pantry;Baking,,,6,,,,,,,,,,,,,,,,,,,,,,,,,,,,,,,,,,,,,,,,,,
KY91BU63,Product,White Wings Cake In A Cup Double Chocolate 55g,,https://cdn1.woolworths.media/content/wowproductimages/medium/575654.jpg,Pantry;Baking,,,2.4,,,,,,,,,,,,,,,,,,,,,,,,,,,,,,,,,,,,,,,,,,
WA20TU93,Product,White Wings Cake In A Cup Triple Choc Brownie 4pk 220g,,https://cdn1.woolworths.media/content/wowproductimages/medium/575689.jpg,Pantry;Baking,,,6,,,,,,,,,,,,,,,,,,,,,,,,,,,,,,,,,,,,,,,,,,
WK96LK61,Product,White Wings Cake Mix Caf Style Banana Bread 400g,,https://cdn1.woolworths.media/content/wowproductimages/medium/254823.jpg,Pantry;Baking,,,6,,,,,,,,,,,,,,,,,,,,,,,,,,,,,,,,,,,,,,,,,,
WR35JV86,Product,White Wings Cake Mix Milk Chocolate 530g,,https://cdn1.woolworths.media/content/wowproductimages/medium/364294.jpg,Pantry;Baking,,,6,,,,,,,,,,,,,,,,,,,,,,,,,,,,,,,,,,,,,,,,,,
DR56GN54,Product,White Wings Cake Mix Rich Chocolate Cake 530g,,https://cdn1.woolworths.media/content/wowproductimages/medium/347092.jpg,Pantry;Baking,,,6,,,,,,,,,,,,,,,,,,,,,,,,,,,,,,,,,,,,,,,,,,
EM13SX11,Product,White Wings Cookie Mix Soft Centred Choc Chip 485g,,https://cdn1.woolworths.media/content/wowproductimages/medium/254804.jpg,Pantry;Baking,,,6,,,,,,,,,,,,,,,,,,,,,,,,,,,,,,,,,,,,,,,,,,
RI22ID53,Product,White Wings Cornflour 300g,,https://cdn1.woolworths.media/content/wowproductimages/medium/293237.jpg,Pantry;Baking,,,3.24,,,,,,,,,,,,,,,,,,,,,,,,,,,,,,,,,,,,,,,,,,
IE35AE79,Product,White Wings Cupcake Mix Chocolate 410g,,https://cdn1.woolworths.media/content/wowproductimages/medium/307765.jpg,Pantry;Baking,,,6,,,,,,,,,,,,,,,,,,,,,,,,,,,,,,,,,,,,,,,,,,
AN44ZT82,Product,White Wings Cupcake Mix Red Velvet 365g,,https://cdn1.woolworths.media/content/wowproductimages/medium/708688.jpg,Pantry;Baking,,,6,,,,,,,,,,,,,,,,,,,,,,,,,,,,,,,,,,,,,,,,,,
DD65NG97,Product,White Wings Cupcake Mix Vanilla 410g,,https://cdn1.woolworths.media/content/wowproductimages/medium/264038.jpg,Pantry;Baking,,,6,,,,,,,,,,,,,,,,,,,,,,,,,,,,,,,,,,,,,,,,,,
QU69YK35,Product,White Wings Dessert Mix Chocolate Profiteroles 230g,,https://cdn1.woolworths.media/content/wowproductimages/medium/785336.jpg,Pantry;Baking,,,6,,,,,,,,,,,,,,,,,,,,,,,,,,,,,,,,,,,,,,,,,,
OK55RZ88,Product,White Wings Donut Bites 250g,,https://cdn1.woolworths.media/content/wowproductimages/medium/682304.jpg,Pantry;Baking,,,6,,,,,,,,,,,,,,,,,,,,,,,,,,,,,,,,,,,,,,,,,,
DQ95CX93,Product,White Wings Glazed Baked Donut Mix 290g,,https://cdn1.woolworths.media/content/wowproductimages/medium/855680.jpg,Pantry;Baking,,,4.8,,,,,,,,,,,,,,,,,,,,,,,,,,,,,,,,,,,,,,,,,,
VS89GH27,Product,White Wings Muffin Mix Triple Chocolate 550g,,https://cdn1.woolworths.media/content/wowproductimages/medium/254792.jpg,Pantry;Baking,,,6,,,,,,,,,,,,,,,,,,,,,,,,,,,,,,,,,,,,,,,,,,
GV10SE55,Product,White Wings Pancake Mix Buttermilk 325g,,https://cdn1.woolworths.media/content/wowproductimages/medium/248148.jpg,Pantry;Baking,,,3.78,,,,,,,,,,,,,,,,,,,,,,,,,,,,,,,,,,,,,,,,,,
QV82OD40,Product,White Wings Pancake Mix Original Shaker 350g,,https://cdn1.woolworths.media/content/wowproductimages/medium/096730.jpg,Pantry;Baking,,,3.78,,,,,,,,,,,,,,,,,,,,,,,,,,,,,,,,,,,,,,,,,,
RX91UR63,Product,White Wings Pavlova Magic Mix Egg 125g,,https://cdn1.woolworths.media/content/wowproductimages/medium/038986.jpg,Pantry;Baking,,,5.16,,,,,,,,,,,,,,,,,,,,,,,,,,,,,,,,,,,,,,,,,,
GF56XI39,Product,White Wings Plain Flour Wholemeal 1kg,,https://cdn1.woolworths.media/content/wowproductimages/medium/228764.jpg,Pantry;Baking,,,3.72,,,,,,,,,,,,,,,,,,,,,,,,,,,,,,,,,,,,,,,,,,
XD59TI43,Product,White Wings Self Raising Flour Wholemeal 1kg,,https://cdn1.woolworths.media/content/wowproductimages/medium/228765.jpg,Pantry;Baking,,,3.72,,,,,,,,,,,,,,,,,,,,,,,,,,,,,,,,,,,,,,,,,,
RZ54AL29,Product,White Wings Vanilla Cake Mix 510g,,https://cdn1.woolworths.media/content/wowproductimages/medium/454608.jpg,Pantry;Baking,,,6,,,,,,,,,,,,,,,,,,,,,,,,,,,,,,,,,,,,,,,,,,
WF23FU79,Product,Whole Earth Stevia Tablets 100 pack,,https://cdn1.woolworths.media/content/wowproductimages/medium/054540.jpg,Pantry;Baking,,,5.4,,,,,,,,,,,,,,,,,,,,,,,,,,,,,,,,,,,,,,,,,,
CP13RG61,Product,Whole Earth Sweetener Granules 250g,,https://cdn1.woolworths.media/content/wowproductimages/medium/814991.jpg,Pantry;Baking,,,8.28,,,,,,,,,,,,,,,,,,,,,,,,,,,,,,,,,,,,,,,,,,
FX96TJ40,Product,Whole Earth Sweetener Sachets 60g 40pk,,https://cdn1.woolworths.media/content/wowproductimages/medium/651957.jpg,Pantry;Baking,,,5.04,,,,,,,,,,,,,,,,,,,,,,,,,,,,,,,,,,,,,,,,,,
DL96NP26,Product,Winn Cherries Red Glace 200g,,https://cdn1.woolworths.media/content/wowproductimages/medium/383039.jpg,Pantry;Baking,,,5.4,,,,,,,,,,,,,,,,,,,,,,,,,,,,,,,,,,,,,,,,,,